sg_data_point,time,pressure,depth,temperature,conductivity,salinity,sigma_theta,density,latitude,longitude,buoyancy,speed,glide_angle,horz_speed,vert_speed,polar_heading
0,2023-05-12 19:14:17.464999936,1.076991268355697,1.0679799511629542,11.409176355968519,,,,,47.71529999999999,-122.3988,,,,,,1.4957471689591402
1,2023-05-12 19:14:22.731000064,1.1172526241820782,1.107904327003059,11.409606707504961,,,,,47.71530184542943,-122.39879918035808,,,,,,1.6283921921107096
2,2023-05-12 19:14:29.736000000,1.1575139800084593,1.1478286950367336,11.411505575120335,,,,,47.71530614570759,-122.39879727040251,,,,,,1.516691119983073
3,2023-05-12 19:14:35.012999936,1.1575139800084593,1.1478286950367336,11.414287105906704,,,,,47.71531044984059,-122.39879535873483,,,,,,1.6214108751027327
4,2023-05-12 19:14:40.288000000,1.2682327085310074,1.2576206668775085,11.412624475961584,,,,,47.715314147708305,-122.39879371633803,,,,,,1.574286985298885
5,2023-05-12 19:14:45.615000064,1.4896701655761042,1.477204433451683,11.3852974487588,,,,,47.71531786309813,-122.39879206615886,,,,,,1.6249015336067212
6,2023-05-12 19:14:52.154000128,2.03319846923225,2.0161817684283507,11.302832088371838,,,,,47.715322021447065,-122.39879021924072,,,,,,1.6947147036864945
7,2023-05-12 19:14:57.477999872,2.52640007810542,2.5052525634245213,11.255234210497665,,,,,47.71532617874466,-122.39878837278954,,,,,,1.6301375213627043
8,2023-05-12 19:15:02.799000064,2.9994710090653984,2.9743601844964203,11.178548826458744,,,,,47.7153299092035,-122.39878671591751,,,,,,1.4852751934471748
9,2023-05-12 19:15:08.122999808,3.5429993127215447,3.5133335676380697,11.007714994800358,,,,,47.71533363966233,-122.39878505904548,,,,,,1.3945180723434698
10,2023-05-12 19:15:17.691000064,4.8816893939487205,4.840798981538147,10.744247480383821,3.193210114532117,28.19176962901406,21.527669967271436,1021.5275815349555,47.7153453561109,-122.39877960296167,-118.14683341708587,41.52236438377865,-67.48848678456248,15.897629128837709,-38.358468844587904,1.2566370614359172
11,2023-05-12 19:15:23.624999936,6.0794647297835605,6.028523879212745,10.538983725692693,3.200731097280475,28.416579947634304,21.735996261877062,1021.7358884652471,47.715362443157716,-122.39877221166708,-107.3544583788579,39.36370345700206,-59.63627714387673,19.897862309267133,-33.96433755238342,1.335176877775662
12,2023-05-12 19:15:29.284000000,7.206782692922234,7.146376295898426,10.480008206545232,3.2018797791996563,28.475834204901226,21.791668572711387,1021.7915415901758,47.71537787661246,-122.39876757986848,-111.19719462770693,38.05382644158164,-49.751950007326165,24.586501284800203,-29.044752734677154,1.464331242423243
13,2023-05-12 19:15:35.835000064,8.253577944408143,8.184376632303048,10.289160253109568,3.2007849077274093,28.604722977741524,21.92268731887293,1021.9225451164092,47.715397203593604,-122.39876496736231,-173.78575863901617,38.186549360334176,-38.14958430920358,30.029930624143393,-23.58846791884486,1.5917402778188283
14,2023-05-12 19:15:44.196999936,9.360765229633628,9.282255862162714,10.263679400010034,3.2046272733843826,28.667213930908336,21.975440885891544,1021.9752798828265,47.715424261334185,-122.39876556773008,-220.69650565925755,39.66513776304186,-28.28507296987704,34.929153468163186,-18.79567481519601,1.7069320084504545
15,2023-05-12 19:15:49.819000064,10.095534973465083,10.010845183854249,10.184971278597072,3.202182310994959,28.701840109476663,22.01495895399978,1022.0147870133541,47.715451199204665,-122.39876711875262,-218.5526961834917,39.9708685370273,-26.0353319366682,35.91476669751159,-17.544225963764585,1.651081472386636
16,2023-05-12 19:15:54.819000064,10.900762089992709,10.809296249892672,10.073196270222072,3.205927920109111,28.825560521130697,22.12907236838248,1022.1288889254979,47.71547200904489,-122.39876583589368,-212.55419443736122,39.7245085485056,-25.356115204071312,35.897590970625394,-17.011747174407706,1.5114551322270897
17,2023-05-12 19:15:59.234999808,11.47448641051864,11.37819073000254,10.018571968448603,3.2064783609878376,28.874183187882544,22.175590177449976,1022.1753982751885,47.715490344790155,-122.398762144225,-209.9901546442683,39.30977147705439,-25.07181541401273,35.60590099131723,-16.657669350024747,1.4259339988793671
18,2023-05-12 19:16:04.818000128,12.319974882872646,12.216558654372298,9.97597293188951,3.2062294886689786,28.907602443863436,22.208353155243003,1022.2081481330705,47.7155094868842,-122.39875652672505,-208.34788373232243,38.74516709588589,-24.831930483091657,35.16292766408686,-16.271339569264526,1.3753194505715318
19,2023-05-12 19:16:09.819000064,13.14533267731346,13.034962118172304,9.933505087946827,3.2066802843218745,28.946350673687608,22.24523670137637,1022.2450189934578,47.715529450046795,-122.3987496615552,-206.5381069892193,38.2709854684873,-24.63653143330153,34.78719703415441,-15.953659493548324,1.3386675362796505
20,2023-05-12 19:16:14.816999936,13.950559793841084,13.83340136144788,9.881046467887323,3.206730160532935,28.987645116355303,22.28565522427391,1022.2854255988689,47.71554798270808,-122.3987422688369,-204.56646532016026,37.79438861978339,-24.452925298292985,34.40429542557389,-15.644815991664693,1.2915436464758039
21,2023-05-12 19:16:19.236999936,14.614872164976372,14.49211138736618,9.848973860216429,3.20703078306661,29.01787605651607,22.31424633063898,1022.3140066405576,47.7155651066456,-122.39873441889615,-203.0965654621741,37.33817918288258,-24.299076562480664,34.03038648772491,-15.364648391327272,1.2444197566719568
22,2023-05-12 19:16:24.818000128,15.54088334898314,15.410309697091735,9.7742730505475,3.2071817631463513,29.079696908091773,22.374102438043565,1022.3738497812398,47.71558278291973,-122.39872492797352,-199.78204285980067,36.687083382804445,-24.106149512265628,33.48761554128344,-14.984047934254557,1.1833332328521553
23,2023-05-12 19:16:29.818000128,16.446763855076718,16.308543179857924,9.518141548181031,3.2027405153027932,29.21821442915395,22.52167038909556,1022.5214115915361,47.715600847155386,-122.39871355835947,-192.46830759399126,36.01975562930297,-23.893514560353182,32.93285566599296,-14.589373299685578,1.0978120995044334
24,2023-05-12 19:16:34.819000064,17.29225232743072,17.146890866536683,9.468497689344735,3.2028913428803856,29.27464162473403,22.573313091214573,1022.5730424764472,47.715617345858405,-122.39870188482854,-189.4792331906893,35.34702724323513,-23.64441149897119,32.37971970174203,-14.176250807975483,1.0786134777324956
25,2023-05-12 19:16:39.916000000,18.167936816654514,18.01517591457932,9.3369296179816,3.199501750057521,29.3337201518901,22.639434738797263,1022.6391553264976,47.71563372383904,-122.39869010149118,-186.28401924380526,34.67145592847361,-23.3322851908549,31.836140496154044,-13.732079759061568,1.08035880698449
26,2023-05-12 19:16:45.329999872,19.254993423966802,19.09304187380789,9.215920430828366,3.1953195695591847,29.394050754432254,22.70480308827996,1022.7045116498907,47.715650554475864,-122.39867805324529,-184.51269566372864,33.9690964948223,-22.916094033005763,31.28812178863747,-13.226978173942006,1.0821041362364843
27,2023-05-12 19:16:53.382999808,20.42257274293186,20.25074342067302,9.166019367234297,3.1947239617106673,29.43748893493789,22.746236924442314,1022.7459296685274,47.71567190012542,-122.39866343246402,-182.58371744329298,32.93620976906526,-22.156304383493147,30.504149619400415,-12.421383576280999,1.1152653920243765
28,2023-05-12 19:17:04.000000000,21.92230824746456,21.737781470616273,9.072318177781742,3.191841431502807,29.48603840053907,22.798174933732298,1022.7978491852343,47.71570087658039,-122.398643865851,-180.54841890640847,31.538376236478953,-20.954687490471056,29.452540015440697,-11.279054139091844,1.101302758008422
29,2023-05-12 19:17:14.000000000,23.25093298973514,23.055148418333214,9.043386724019694,3.1909967565167032,29.507174376149816,22.81901363540419,1022.8186693893302,47.71573253168093,-122.3986238092237,-179.98894801960574,30.587487409807558,-20.06926482133339,28.730168264158127,-10.49627636632616,1.1746065865921838
30,2023-05-12 19:17:24.000000000,24.468839003483172,24.26272732409413,9.013912470378383,3.190103142902929,29.525183332740482,22.837479990460793,1022.8371190874499,47.71576334195269,-122.39860632831318,-179.66739035849756,30.243949746559064,-19.73465734226874,28.467615780931812,-10.212313548928678,1.1955505376161157
31,2023-05-12 19:17:34.000000000,25.525699593925673,25.310620589752432,9.009465365900684,3.1898558199038742,29.529876954286472,22.841823716774115,1022.8414473984736,47.71579441325236,-122.39859040878304,-180.02868668083548,30.23303036185713,-19.69933806936542,28.46362530423527,-10.191082346889006,1.258382390687912
32,2023-05-12 19:17:44.000000000,26.814062980369876,26.588045110171745,9.003674459760788,3.189558204089925,29.533172740587325,22.84527672847537,1022.8448816893724,47.71582594196034,-122.39857646575231,-180.53711370813807,30.273209159190905,-19.694852463162203,28.502251433430263,-10.20239462193276,1.3055062804917588
33,2023-05-12 19:17:54.172000000,27.991707638291526,27.755683973548887,8.999554886267148,3.1894088696377,29.53652097891123,22.848521545375547,1022.8481093398884,47.715858113264076,-122.39856427443543,-180.99426443160837,30.311206415831077,-19.70415520737279,28.536366929992244,-10.219833502555904,1.3596114873035834
34,2023-05-12 19:18:04.171000064,29.139156279343386,28.89337696001024,8.972261280035324,3.1891618193592266,29.5548776993519,22.866926248175332,1022.8664986352535,47.71589061617951,-122.39855381536677,-180.69486659244427,30.480591320591103,-19.873495080495303,28.66533449773392,-10.36171054343438,1.399754060099452
35,2023-05-12 19:18:14.171000064,30.26647424248206,30.011104250843246,8.955496087838707,3.1888642979255875,29.56654538859392,22.878541244469034,1022.8780980206718,47.715923146804094,-122.39854469595225,-180.7249659979226,30.75232157982795,-20.13218682541492,28.87338694636945,-10.58455520059176,1.4276793281313618
36,2023-05-12 19:18:24.171000064,31.524641612056474,31.25856052453774,8.95368390794826,3.188964051874687,29.569851974589685,22.88141272441794,1022.8809511186173,47.71595592871145,-122.39853704963316,-181.24241672221726,30.812199315152224,-20.148596844038064,28.92656761530286,-10.61344961046968,1.4782938764391969
37,2023-05-12 19:18:34.171000064,32.66202491415174,32.38625444128642,8.948122568307673,3.1888651123150926,29.573405166715943,22.88502823866895,1022.8845502939596,47.715988891129655,-122.3985318488232,-181.74322289097958,30.873939356809156,-20.15329740220931,28.983656744513237,-10.637094204911499,1.5550883635269481
38,2023-05-12 19:18:44.171000064,33.86986558894318,33.583798689093804,8.949873297962856,3.189113130936463,29.57495371121845,22.88599869545419,1022.8855028836246,47.716022056131514,-122.39852945549762,-182.37724683390059,31.269427292710787,-20.474487441326037,29.294076159966412,-10.937741318399052,1.6231562043547265
39,2023-05-12 19:18:59.171000064,35.57090787260778,35.270328268711964,8.946335670353147,3.189312386938779,29.579451939612465,22.890062941527617,1022.8895423789232,47.716063820597135,-122.39852792865382,-183.4652667141056,31.532974712885526,-20.616347353820963,29.51357500747335,-11.103034923917088,1.6161748873467496
40,2023-05-12 19:19:09.171000064,36.74855253052943,36.43791751553069,8.946772655333223,3.1895114499770902,29.581009445511317,22.89123374167673,1022.8906958435482,47.71610564561095,-122.39852626921778,-184.09551981783602,31.389996760512197,-20.411829851318007,29.41901886059485,-10.947749810117632,1.6161748873467496
41,2023-05-12 19:19:19.171000064,37.9060665105379,37.585541470346065,8.941300345880768,3.1895118553561086,29.584556694653845,22.894831513584677,1022.8942770305548,47.716139094681786,-122.39852590759732,-184.5984330263951,31.63274831718212,-20.605157717070327,29.609133696234704,-11.132383745482676,1.665044106402591
42,2023-05-12 19:19:29.171000064,39.03338447367656,38.70322121377583,8.931260319643394,3.189662027704918,29.593703471638992,22.9034805969668,1022.9029102879941,47.7161726265442,-122.39852750016003,-184.80861964144077,31.989320652452783,-20.93027541263454,29.87853224951646,-11.427595828521719,1.7139133254584313
43,2023-05-12 19:19:39.171000064,40.211029131598224,39.870790845792534,8.907772213921614,3.189364567548303,29.608285488188937,22.918359575818158,1022.9177738387993,47.71620604989469,-122.39853116812567,-184.73106619821976,31.912441553159443,-20.84056172932353,29.82453972400517,-11.35344688343831,1.7697638615222508
44,2023-05-12 19:19:49.171000064,41.51952319595561,41.16808261311302,8.892858414911673,3.1892154013231475,29.618997097681476,22.9289490825347,1022.9283454009957,47.71623915644364,-122.39853644049204,-184.89327442674764,31.63888043124092,-20.54228129623844,29.627074743423453,-11.102035718279776,1.7976891295541595
45,2023-05-12 19:19:59.172000000,42.596514464311305,42.23584735063434,8.888809206151642,3.1892661523226273,29.623125079704536,22.93278841108588,1022.9321693292297,47.71627204510035,-122.39854234978628,-185.36936576698398,31.524982141735418,-20.37864644658264,29.55189131518127,-10.977714640691431,1.8046704465621373
46,2023-05-12 19:20:09.171000064,43.854681833885714,43.48322899717827,8.888331319453208,3.1893658930954207,29.624530461053904,22.933976167600463,1022.9333387677643,47.7163048845803,-122.39854838390104,-186.03606962807578,31.528836014862495,-20.31943161344821,29.566834982201602,-10.948505358602604,1.8046704465621373
47,2023-05-12 19:20:19.171000064,45.022261152850774,44.64079235426133,8.88422263257477,3.1892669394342525,29.626391644680528,22.93605244192611,1022.9353983944046,47.71633771323054,-122.39855448526737,-186.64756745582835,31.4979240470633,-20.226120917855575,29.55562047224121,-10.889651866584385,1.8081611050661257
48,2023-05-12 19:20:29.172000000,46.18984047181582,45.79834915502638,8.879905804767445,3.1894660459670763,29.631724234147853,22.940874332672706,1022.9402036020589,47.71637052246346,-122.3985604379979,-187.10756560866923,31.365463124016326,-20.03896023332903,29.466592817849723,-10.74765949828497,1.7976891295541595
49,2023-05-12 19:20:39.171000064,47.34735445182428,46.94592054630473,8.876184496532744,3.189515415850642,29.6348577361282,22.94388847314292,1022.943201205313,47.716403366202854,-122.39856548907801,-187.65134441157758,31.194285736376774,-19.819121005057916,29.346575553858752,-10.576481733751512,1.7627825445142729
50,2023-05-12 19:20:49.171000064,48.55519512661572,48.14337947629473,8.86951101535525,3.1894668729906233,29.639193731905678,22.948277040415064,1022.9475728058532,47.716436224936075,-122.39857001937158,-188.0889868038692,31.172364236592404,-19.75721249921491,29.33735532878761,-10.537356139527715,1.7715091907742444
51,2023-05-12 19:20:59.172000000,49.6724477507978,49.25102274053465,8.85419583971425,3.1892686663009964,29.64875472799729,22.958018123309785,1022.9572990952386,47.7164690326923,-122.39857523331808,-188.1926096029622,31.301912367775007,-19.855045291472234,29.441167118439026,-10.63143436155304,1.7976891295541595
52,2023-05-12 19:21:09.171000064,50.77963503602328,50.348681315060446,8.847281920162471,3.189269078362654,29.654346691924243,22.963421714060928,1022.9626872521721,47.71650182397086,-122.39858103863175,-188.46486088956115,31.365347027072968,-19.888284319646687,29.494645816189003,-10.67009195397489,1.801179788058148
53,2023-05-12 19:21:19.171000064,51.90695299916195,51.46629126190862,8.840062680846476,3.1890707985557665,29.65791662344696,22.967288177157684,1022.9665380979964,47.71653467629733,-122.3985866886224,-188.81783178037378,31.40008513637159,-19.89509251754779,29.526042573647867,-10.685417938036752,1.7889624832941877
54,2023-05-12 19:21:29.172000000,53.034270962300624,52.58389509810146,8.835256387331555,3.18912015763301,29.66262006682022,22.971687665598893,1022.970921689386,47.716567615532924,-122.39859212031969,-189.05266619437495,31.501021841597428,-19.989493670461975,29.60325289999609,-10.76855583649318,1.7889624832941877
55,2023-05-12 19:21:39.171000064,54.1716542643959,53.711471347452715,8.800157548380636,3.188724874855037,29.684577488351245,22.99401464847574,1022.993235831775,47.71660061031528,-122.39859742923842,-188.3884039483177,31.518584776842804,-20.034045253480553,29.61137081449063,-10.797587916833994,1.7819811662862108
56,2023-05-12 19:21:49.171000064,55.2184495158818,54.74923514240828,8.784031077789734,3.188575654005153,29.696925254059927,23.006044847155636,1023.0052525750483,47.716633545547495,-122.39860282445335,-188.1679571309736,31.385565488766535,-19.930062951849365,29.50586518072669,-10.698487789703421,1.794198471050171
57,2023-05-12 19:21:59.171000064,56.325636801107294,55.846864192513266,8.776359771199326,3.1884767347651644,29.70253803536372,23.011571433576933,1023.0107640240133,47.71666642581284,-122.39860795657054,-188.31840087654413,31.255039661316452,-19.798047671518184,29.4076264896322,-10.586265086268481,1.7697638615222508
58,2023-05-12 19:22:09.171000064,57.412693408419585,56.924530616994005,8.774561898752822,3.1885274556139303,29.70492162931055,23.013714267462547,1023.0128913827411,47.716699386640045,-122.39861230685236,-188.61242969660066,31.29857953016483,-19.817196542673155,29.445048199523956,-10.61085374198344,1.7540558982543013
59,2023-05-12 19:22:19.171000064,58.48968467677528,57.99221304630562,8.767419546866556,3.1884774866883547,29.70968660162919,23.018499386636336,1023.0176617986565,47.71673236485278,-122.39861687281977,-188.74960787225297,31.37953904528757,-19.871900088384834,29.511042770466887,-10.666481392399332,1.7802358370342162
60,2023-05-12 19:22:29.171000064,59.60693730095735,59.09980294478148,8.76555611112549,3.188428877964275,29.710907648025437,23.019742453101344,1023.0188890157351,47.716765333183616,-122.39862161069472,-189.01720277486865,31.32299087051445,-19.798590021826758,29.471460833239767,-10.609559530402086,1.7627825445142729
61,2023-05-12 19:22:39.172000000,60.66379789139987,60.147517596183256,8.762484883789826,3.188627916263216,29.715346234227248,23.02367822582289,1023.0228098845299,47.716798319114304,-122.39862568945198,-189.10646059658373,31.170194516069127,-19.641111879459405,29.356603851307767,-10.477157843946419,1.7470745812463242
62,2023-05-12 19:22:49.171000064,61.68039712601599,61.155314242157964,8.757324557710255,3.1887276258157278,29.720042688742666,23.028119486666355,1023.0272371033458,47.71683134027545,-122.39862849500824,-189.148919829638,31.029668305325625,-19.503686904782622,29.249186221182423,-10.359798286507411,1.698205362190483
63,2023-05-12 19:22:59.171000064,62.79764975019806,62.262887004341344,8.754059516932692,3.188728000275019,29.722491459401166,23.030527207238606,1023.029629156768,47.71686447461789,-122.39862956636212,-189.04848523766555,31.054672599501075,-19.526071489355683,29.26870285907779,-10.379582034418071,1.6580627893946132
64,2023-05-12 19:23:09.171000064,63.95516373020653,63.410365970271144,8.750420394821916,3.188777363787786,29.72575058432733,23.03362398330728,1023.0327097278639,47.716897737542055,-122.39862924998296,-189.17230305895242,31.146582415514956,-19.607803358681615,29.34044684005217,-10.452166062235044,1.626646862858715
65,2023-05-12 19:23:19.172000000,65.0522856764754,64.49797052364376,8.74734966919275,3.189025399898423,29.730523209057132,23.037821377673254,1023.0368916704476,47.71693108626368,-122.3986278803311,-189.2226409295636,31.170462457996603,-19.6196781890545,29.36077356683906,-10.466265112358869,1.6039575825827894
66,2023-05-12 19:23:29.171000064,66.16953830065748,65.60552517833003,8.746493575894583,3.1891754746107135,29.732484921921856,23.039497091140333,1023.0385514142638,47.716964455915004,-122.39862579350338,-189.41041525866663,31.153132147540557,-19.58695213564804,29.350419399455696,-10.443683434410477,1.5899949485668345
67,2023-05-12 19:23:39.171000064,67.28679092483956,66.71307383363447,8.748066770385567,3.189423479141412,29.733640380675556,23.04018826787194,1023.0392262873668,47.716997792514164,-122.39862302273355,-189.644708459165,31.05012930810637,-19.468670913088406,29.274803212602762,-10.348740353951737,1.5690509975429028
68,2023-05-12 19:23:49.171000064,68.52482761650079,67.94035047163882,8.743845922299894,3.1894742770764495,29.73659383636159,23.043131556510957,1023.0421523411737,47.717031056519154,-122.39861987566287,-189.80482807964788,30.921740354903275,-19.324066872932345,29.179672491507734,-10.232337947136065,1.5707963267948966
69,2023-05-12 19:23:59.171000064,69.69240693546584,69.09777534847936,8.743338165877956,3.18947464062774,29.736865847871087,23.04343506698251,1023.0424391618212,47.71706427647473,-122.39861666070938,-190.07113158592045,30.91311101571786,-19.2929135502003,29.177087055869645,-10.213619515348164,1.5655603390389135
70,2023-05-12 19:24:09.171000064,70.8398555765177,70.23523824112351,8.744549475529649,3.1897730454062003,29.738885626399693,23.044855759124175,1023.0438431294656,47.71709751840623,-122.39861313920338,-190.26938508928197,30.97938800325316,-19.334495820796153,29.23220594745637,-10.25673517751151,1.5550883635269481
71,2023-05-12 19:24:19.171000064,71.97723887861298,71.36271714496029,8.745470450018617,3.1901204418301203,29.741166596332935,23.046522939760052,1023.0454937568496,47.71713079609643,-122.39860944694793,-190.4490424966547,31.009973820807133,-19.345177145512995,29.259152278832733,-10.27231640338346,1.5568336927789417
72,2023-05-12 19:24:29.171000064,73.13475285862144,72.51014504520727,8.74379143150558,3.190220172781626,29.742934487976466,23.048167364795177,1023.047121764276,47.717164101800726,-122.3986060271137,-190.62613968901502,31.049218783934766,-19.373938374599746,29.291014778345343,-10.3000213760653,1.5690509975429028
73,2023-05-12 19:24:39.171000064,74.18154811010736,73.54781342849043,8.738408791917035,3.190618006679401,29.751036750454144,23.05530596480719,1023.0542459298609,47.71719744972797,-122.39860342737292,-190.47485231179968,31.1433959174258,-19.47410291420122,29.36175299371055,-10.382609036550669,1.5987215948268063
74,2023-05-12 19:24:49.171000064,75.33906209011582,74.6952290684087,8.728515295778426,3.191066325694817,29.76290445486235,23.066048778640038,1023.0649733511626,47.71723086289918,-122.39860130774684,-190.14107574645726,31.25537621829752,-19.60301806039701,29.443807784585854,-10.486215985362866,1.593485607070823
75,2023-05-12 19:24:59.171000064,76.55696810386384,75.90250292182986,8.713650729225542,3.1912152128099374,29.77563548913877,23.07818992302839,1023.0770990759489,47.717264301868745,-122.39859973846829,-190.0223692724861,31.272549222472126,-19.637488523376252,29.45366789076039,-10.509699455870875,1.626646862858715
76,2023-05-12 19:25:09.171000064,77.7044167449157,77.03992796595887,8.705696845610433,3.1913654136444816,29.783498517037582,23.085515342800363,1023.0844091403566,47.717297668455146,-122.39859919281453,-189.88888817209065,31.149031192125648,-19.525638396128766,29.357713537691435,-10.41089813833877,1.645845484630653
77,2023-05-12 19:25:19.171000064,78.85186538596756,78.17734668428551,8.701920302640325,3.1914147940158206,29.7868478199414,23.08870135128143,1023.0875792631149,47.71733086925336,-122.39859965559971,-189.98919655740923,30.957490730642494,-19.346031351815654,29.20947949020185,-10.255366412239665,1.679006740418545
78,2023-05-12 19:25:29.172000000,79.97918334910625,79.29480452816516,8.699270717593775,3.191366166349602,29.78916488341057,23.090915516998507,1023.0897776841401,47.71736389633449,-122.39860057366211,-190.03800188422937,30.733897452116544,-19.178419176782484,29.028171459847496,-10.096420865579603,1.6702800941585731
79,2023-05-12 19:25:39.171000064,81.07630529537512,80.3823246032623,8.656335917160755,3.19206261170289,29.829416935122225,23.12866017285171,1023.1275127800715,47.71739684504987,-122.3985996884833,-188.3155625679859,30.55193498422891,-19.092148643150434,28.871387384955813,-9.993183764364828,1.586504290062846
80,2023-05-12 19:25:49.171000064,82.31434198703634,81.6095192116795,8.653348349448509,3.1929071505502433,29.840737833660395,23.137971776271797,1023.1368068840344,47.717429730952155,-122.3985959396965,-188.00854587392166,30.449466076459597,-19.04449859607735,28.78282791596374,-9.935733566349404,1.5219271077390553
81,2023-05-12 19:25:59.172000000,83.42152927226182,82.70700408807667,8.654172533940235,3.1928584848495825,29.840041362293537,23.137323045979542,1023.1361422771062,47.717462547219995,-122.3985906483992,-188.30281292261384,30.425628713102178,-19.014828691956527,28.765432491626978,-9.913060887394899,1.5062191444711066
82,2023-05-12 19:26:09.172000000,84.53878189644391,83.81446013053646,8.655536365911864,3.1931080023638247,29.841906599234452,23.13860152146458,1023.1374045291808,47.71749532241324,-122.3985842173673,-188.50849502377648,30.498672546564727,-19.065917114613924,28.825618862683875,-9.962566149635572,1.4625859131712484
83,2023-05-12 19:26:19.171000064,85.73655723227876,85.00172616494264,8.657508069493788,3.193853162306675,29.847895979705278,23.14302128199904,1023.1418066342081,47.71752806401984,-122.39857644126472,-188.54935689952623,30.589755868597535,-19.141128703647862,28.89856394092285,-10.030262521628783,1.4364059743913333
84,2023-05-12 19:26:29.171000064,86.90413655124381,86.15905449009202,8.657866062746736,3.19430155391648,29.851908644297612,23.146126996341422,1023.1448954883888,47.71756080090634,-122.39856802165654,-188.64701979803118,30.635387651220913,-19.178155867325557,28.93517518611773,-10.063926345579821,1.4294246573833564
85,2023-05-12 19:26:39.171000064,87.95093180272971,87.19665362855314,8.649906205750925,3.1943523618749525,29.857685386962274,23.151816257672408,1023.1505711305718,47.71759356805373,-122.3985597659653,-188.62332299198025,30.626911703940603,-19.162938320954645,28.92984082129151,-10.053458637489356,1.445132620651305
86,2023-05-12 19:26:49.171000064,89.02792307108541,88.26417801845547,8.649839750464173,3.1944521086773086,29.85875758095949,23.15268049770475,1023.1514200057823,47.7176263688707,-122.39855194569037,-188.83892446239727,30.617447486634383,-19.13988718232955,28.924942126168546,-10.0387157343265,1.452113937659282
87,2023-05-12 19:26:59.171000064,90.1250450173543,89.35165040725519,8.650809862389394,3.194700270505194,29.86043261807825,23.15386686473221,1023.1525904897055,47.71765921599043,-122.3985443890615,-189.04005262522367,30.6917498224347,-19.19497493811761,28.985448420506984,-10.090950749312459,1.45909525466726
88,2023-05-12 19:27:09.171000064,91.20203628571,90.41916355151466,8.649646736106016,3.195148697364302,29.86562286172036,23.158113381250132,1023.1568216808791,47.717692165814725,-122.39853729192458,-189.06959840372213,30.810755267630235,-19.300194640353503,29.079185546245036,-10.183496851713464,1.4765485471872033
89,2023-05-12 19:27:19.171000064,92.2689622151091,91.47669444478484,8.644590427900903,3.1953479186662133,29.87075255636034,23.162875873429925,1023.1615697765459,47.71772520326391,-122.39853055580504,-189.07304433686463,30.868661119406042,-19.353052573368956,29.124412292560372,-10.22950868408099,1.4782938764391969
90,2023-05-12 19:27:29.172000000,93.31575746659502,92.51426661205306,8.63461197285615,3.195050075026858,29.875012399480216,23.167668939900523,1023.1663497889034,47.71775828450271,-122.39852459630855,-189.08604853507964,30.819028915459377,-19.302957519836443,29.086502986063486,-10.187634040033105,1.516691119983073
91,2023-05-12 19:27:39.171000064,94.41287941286389,93.60171640888218,8.6281892999258,3.1949510584684147,29.878987124622128,23.171724664378758,1023.1703910627591,47.71779136901983,-122.39851992593601,-189.1399410709564,30.732834899567536,-19.214404144881986,29.020821254012628,-10.11430050506337,1.5446163880149817
92,2023-05-12 19:27:49.171000064,95.46974000330641,94.6492543253307,8.62406504528104,3.194801597025303,29.880631623482476,23.173623136989363,1023.172275302964,47.717824428709584,-122.39851644113028,-189.29111226269342,30.69568381802074,-19.172870236703265,28.993055134928493,-10.08105941847863,1.5777776438028746
93,2023-05-12 19:27:59.172000000,96.60712330540167,95.77659866245368,8.617512297051828,3.194753000467179,29.88531518748375,23.17825254419813,1023.1768897282125,47.71785747465923,-122.39851420632598,-189.29501778378955,30.698903690648617,-19.183084775345367,28.994298533942338,-10.087286073684462,1.6091935703387716
94,2023-05-12 19:28:09.171000064,97.65391855688758,96.81414902326156,8.604156762362965,3.1951021278856633,29.89929685726306,23.191141695813712,1023.1897662441035,47.71789048977207,-122.39851318690474,-188.85440502704185,30.708285090938123,-19.2123352490074,28.998003932371688,-10.105173979921807,1.6406094968746698
95,2023-05-12 19:28:19.171000064,98.75104050315647,97.90157596599917,8.5986567450217,3.1953013682381055,29.905809462014112,23.19704965918629,1023.195659547981,47.71792342870712,-122.39851392235128,-188.77264115198852,30.777051862058183,-19.29134856185912,29.04894647437348,-10.167872444558082,1.6999506914424776
96,2023-05-12 19:28:29.172000000,99.84816244942536,98.98899712941656,8.594798622128373,3.195401168828091,29.909973857219853,23.20088215699093,1023.1994771528194,47.717956282896175,-122.39851634558308,-188.82301236809948,30.82961790052393,-19.342243093304024,29.089502180764498,-10.211082350446654,1.7278759594743862
97,2023-05-12 19:28:39.171000064,100.80436965030192,99.93674480616015,8.592594125978664,3.1956997662713063,29.914767406213887,23.204966655595967,1023.2035483736223,47.71798902024002,-122.39851956323118,-188.83726336302752,30.67901777319524,-19.195825049844384,28.97327454385345,-10.087194542315677,1.741838593490341
98,2023-05-12 19:28:49.171000064,101.82096888491805,100.94434541649474,8.591989684125796,3.1958989453832887,29.91708263515057,23.20688088873453,1023.2054482366374,47.71802166394201,-122.39852248706053,-188.98127940893994,30.48103562870127,-18.995340027308696,28.82119240446359,-9.92131046702232,1.7139133254584313
99,2023-05-12 19:28:59.172000000,102.94828684805671,102.06167890553674,8.591764425173613,3.196049139450767,29.918474356417267,23.208018964463918,1023.2065703306915,47.71805432872127,-122.39852469947199,-189.195260052265,30.513970214763017,-19.007164181119155,28.850283247725656,-9.93798444320803,1.7051866791984598
100,2023-05-12 19:29:09.172000000,104.01521277745582,103.11914962384837,8.588874110136324,3.1959990774265994,29.919698509112866,23.209409323964337,1023.2079461731967,47.71808708656852,-122.39852638703354,-189.38920433559363,30.606543612381834,-19.07817341125347,28.925433168738582,-10.003990598629581,1.6859880574265227
101,2023-05-12 19:29:19.172000000,104.91102794459279,104.00702176132505,8.58600606595114,3.196098814644533,29.923030268154456,23.21244410617203,1023.2109687656799,47.718119913691204,-122.3985273756279,-189.44569881545624,30.55417874847068,-19.0210876611823,28.885880455569488,-9.958099683174805,1.6685347649065794
102,2023-05-12 19:29:29.171000064,106.15912997521062,105.24405067633273,8.580925476906602,3.196398955243394,29.929833138722007,23.21852046313859,1023.2170282975742,47.718152754606905,-122.39852735300448,-189.41594777430535,30.475361802617527,-18.9423886304151,28.82498257160659,-9.89282855138083,1.633628179866693
103,2023-05-12 19:29:39.172000000,107.12540251504376,106.20174534591852,8.579451287508823,3.1966471647759067,29.9331071490419,23.22131002825722,1023.2198043716381,47.718185613312315,-122.39852605229561,-189.50312837131804,30.43887622584981,-18.897656056833966,28.798178467265036,-9.858504088357279,1.6022122533307948
104,2023-05-12 19:29:49.172000000,108.24265513922583,107.30907422068539,8.580107747401115,3.1966474992136376,29.932465600565134,23.220728924201467,1023.2192073313408,47.71821848414656,-122.39852371091973,-189.79450983111263,30.42890660237914,-18.875551350180213,28.79254624206297,-9.844167710628383,1.5795229730548683
105,2023-05-12 19:29:59.171000064,109.22905835697217,108.28671094982298,8.578292037797867,3.197146434283396,29.93910016154233,23.22619920027023,1023.2246637467761,47.7182513576405,-122.3985205309878,-189.73386073670727,30.437026378971222,-18.880625741927958,28.799357172648737,-9.849345218662801,1.5585790220309366
106,2023-05-12 19:30:09.171000064,110.32618030324106,109.37407692794167,8.57331760581148,3.197595040340161,29.946939838720866,23.233069801067813,1023.2315196179181,47.71828423616827,-122.39851620916805,-189.6231053185845,30.488897250402072,-18.931934042407686,28.83959044965984,-9.89196028305128,1.5201817784870615
107,2023-05-12 19:30:19.171000064,111.3125835209874,110.3517037926412,8.571008670556164,3.197794270989077,29.950397473818178,23.236123680150627,1023.2345599223913,47.718317095213884,-122.39851037521605,-189.6943720392977,30.525542691400588,-18.962382071914522,28.868986379126067,-9.919192610608661,1.4800392056911917
108,2023-05-12 19:30:29.171000064,112.44996682308268,111.47896162558224,8.56558080769573,3.19764479307984,29.952453817106694,23.238531642986118,1023.236953014177,47.71834991199961,-122.3985037035921,-189.84372609315054,30.48272400074,-18.91572698335506,28.836547528418834,-9.881800906035908,1.4765485471872033
109,2023-05-12 19:30:39.171000064,113.4967620745686,112.51643237460588,8.552789642278048,3.1972474468254077,29.95798167918639,23.244715949064926,1023.2431253905256,47.71838270222623,-122.39849723763034,-189.79322888587265,30.415168881898598,-18.85101756975505,28.783757972489443,-9.827399203022292,1.490511181203158
110,2023-05-12 19:30:49.171000064,114.62408003770724,113.63370268464116,8.544392281211202,3.1970489890086617,29.962666221254732,23.24960784432278,1023.2480032194364,47.71841540454833,-122.39849027983524,-189.80874329178133,30.335883573111257,-18.779868424921126,28.72087495965385,-9.76612378138276,1.4503686084072882
111,2023-05-12 19:30:59.171000064,115.76146333980253,114.76094244168478,8.537909889694472,3.1967496778270608,29.96511164366496,23.25247066280008,1023.2508514986788,47.71844800807069,-122.39848239447649,-189.68353674395553,30.322443885031205,-18.767854615457857,28.710196995552227,-9.755777346652104,1.4416419621473167
112,2023-05-12 19:31:09.171000064,116.77806257441864,115.76847006773713,8.538628001618202,3.1969502682339708,29.966811488067663,23.253712882562127,1023.2520791193781,47.71848058029196,-122.39847387299169,-189.86004155956135,30.411640310495358,-18.841903828790137,28.781981314548077,-9.821681016198376,1.4172073526193953
113,2023-05-12 19:31:19.171000064,117.79466180903478,116.77599273443873,8.539185986770649,3.1971984853556785,29.968649812635142,23.255086554191053,1023.2534382189192,47.71851312232072,-122.39846461282823,-190.03366867610015,30.440318945802783,-18.85270227666639,28.80726982242563,-9.836372446189976,1.4032447186034416
114,2023-05-12 19:31:29.172000000,118.8313917215641,117.80346123756632,8.536039026902836,3.19714980906002,29.969981311894312,23.256596114709964,1023.2549339012633,47.718545621699356,-122.39845515912647,-190.20016638184475,30.340130435133567,-18.747628787324416,28.73038722965004,-9.751326292114314,1.40673537710743
115,2023-05-12 19:31:39.171000064,119.95870968470277,118.92070268890966,8.525039657126253,3.196900955851034,29.975347186766346,23.262394009075138,1023.2607184785749,47.71857799929076,-122.39844532996872,-190.17280901972583,30.229043455118948,-18.63843219203792,28.643658569721786,-9.66105025101689,1.3823007675795087
116,2023-05-12 19:31:49.171000064,120.9350475634925,119.88830866121681,8.51820765148529,3.1966030037493365,29.97800896609797,23.265473010148185,1023.2637853835411,47.71861018458551,-122.39843439909593,-190.24058192865758,30.212345225617764,-18.616087621919924,28.631599510509115,-9.644548382465754,1.3473941825396223
117,2023-05-12 19:31:59.171000064,121.97177747602183,120.9157615425016,8.515670546813228,3.1966033483307084,29.980046926945935,23.26744767069613,1023.265746021224,47.71864220987947,-122.39842228966005,-190.37497148998574,30.267955964475284,-18.65675097800334,28.677435980071657,-9.682655827628414,1.3194689145077136
118,2023-05-12 19:32:09.171000064,123.11922611707368,122.05293638901767,8.511798170733153,3.1965533165060003,29.9822557832147,23.26974923281341,1023.2680323585706,47.71867411904928,-122.39840932833654,-190.51288107091779,30.284137379314846,-18.66299297521065,28.691711498544,-9.690958058599408,1.3020156219877703
119,2023-05-12 19:32:19.171000064,124.1358253516898,123.06042812466838,8.500717472612914,3.1962050136876834,29.986908818149388,23.274996533482522,1023.2732680911329,47.71870582873403,-122.39839530474919,-190.49107659213203,30.281670879127603,-18.656249892293353,28.690514921509084,-9.686792284883028,1.2618730491919004
120,2023-05-12 19:32:29.171000064,125.19268594213233,124.1078152664586,8.495753765300902,3.1960569378689425,29.989492364930697,23.277746123899192,1023.2760040472951,47.718737200194035,-122.39837968688754,-190.5866508012706,30.303844977030664,-18.67055868032269,28.709102075056812,-9.701055532047805,1.2147491593880533
121,2023-05-12 19:32:39.172000000,126.19921983779186,125.10532184818727,8.489143070876086,3.1958080359579535,29.99196672505742,23.280645170612956,1023.2788906400239,47.71876825199101,-122.3983627841179,-190.6769063204119,30.248798640668433,-18.609058675570342,28.667330027930298,-9.652668453512245,1.1903145498601329
122,2023-05-12 19:32:49.171000064,127.30640712301734,126.20257347454266,8.483381600132615,3.195609578417878,29.994508674877675,23.283476563557883,1023.2817079552767,47.718798967435035,-122.39834471328271,-190.79444136215483,30.266049470041196,-18.60837909508821,28.683793501690186,-9.65783313561467,1.1484266478122689
123,2023-05-12 19:33:04.788000000,128.96718805085555,127.84843988789547,8.480001279133841,3.1955106932431185,29.996029735080572,23.28517502416446,1023.2833840051361,47.71883892918369,-122.398323862092,-191.35601489825606,30.344640795841542,-18.644335022346578,28.752194044021394,-9.700956792172176,1.265363707695889
124,2023-05-12 19:33:14.787000064,130.04417931921125,128.91575224755735,8.477617432242512,3.1953612126784976,29.99626309166278,23.285714035904334,1023.2839085911297,47.71887954982939,-122.39830612440412,-191.59048006199654,30.05490079313412,-18.351536166630023,28.526388635034383,-9.462674734350493,1.3194689145077136
125,2023-05-12 19:33:24.788000000,131.0607785538274,129.92321021145278,8.478252457306652,3.195411929053793,29.99616196128658,23.285558189881044,1023.2837383363334,47.71891148076844,-122.3982946601104,-191.83676947035914,29.863012317302587,-18.14682528698966,28.377671244348036,-9.300928954199613,1.3788101090755203
126,2023-05-12 19:33:38.072999936,132.36927261818474,131.219930987293,8.474001803364102,3.195262534998388,29.997253943222486,23.287039971108698,1023.2852029447505,47.71894901819037,-122.3982848298318,-192.07664042963222,29.900913908239552,-18.155045028117428,28.412351355926173,-9.316809699427898,1.4678219009272315
127,2023-05-12 19:33:48.072999936,133.44626388654046,132.28722577220694,8.469484681312489,3.1951144762102994,29.99892087479579,23.28900675346108,1023.2871558551379,47.71898680487951,-122.3982773883533,-192.2287186139444,29.97509219412732,-18.20808143412449,28.474179017303257,-9.36628428657808,1.5062191444711066
128,2023-05-12 19:33:58.073999872,134.37227507054723,133.2048953448253,8.464072313283937,3.1948655642798203,30.000483773421102,23.291017715217436,1023.2891553399239,47.71901939024937,-122.39827278249675,-192.34589674290353,30.03982748222834,-18.255835848168925,28.527839575979055,-9.4102924656593,1.5568336927789417
129,2023-05-12 19:34:08.073999872,135.5197237115991,134.3420019359152,8.460045165094254,3.194815548582498,30.003024099243905,23.293599114610174,1023.2917217207706,47.71905206016985,-122.39827013704247,-192.47136894055168,30.159738906815917,-18.361943371473256,28.624169693727012,-9.500882078629639,1.6091935703387716
130,2023-05-12 19:34:17.739000064,136.46586557351907,135.2796113926112,8.457386353517968,3.1947668549649046,30.004485218689908,23.295136732234937,1023.2932468094155,47.71908430978933,-122.39826836177437,-192.34529821652447,30.42221904297249,-18.604470588938835,28.832460957346655,-9.705699698717183,1.6004669240788
131,2023-05-12 19:34:28.354000128,137.61331421457092,136.41670646263574,8.451951043475857,3.19466784195132,30.007295052122906,23.298130127515492,1023.296225614272,47.7191177443474,-122.39826561378804,-192.44524090005297,30.607897894307715,-18.771387151886138,28.97986618720502,-9.849404513982458,1.5638150097869197
132,2023-05-12 19:34:38.355000064,138.7003708218832,137.4939485993312,8.443047990681194,3.1943700219730635,30.01072568303677,23.302103717776163,1023.3001864793147,47.71915177126311,-122.39826178983711,-192.48464900441732,30.52674701220523,-18.691389767344216,28.916718990542936,-9.782926247762195,1.5463617172669764
133,2023-05-12 19:34:48.354000128,139.69683937858613,138.4814155798631,8.431934563979057,3.1938719919869496,30.014200792219977,23.306425395134397,1023.3044973931352,47.7191847051185,-122.39825696136519,-192.4963792665378,30.468193380145053,-18.631352051033122,28.871469154733273,-9.733913739971191,1.5062191444711066
134,2023-05-12 19:34:58.354000128,140.74363463007208,139.51874950181266,8.42503554502508,3.193525164211154,30.016125532173984,23.308931395545983,1023.3069907885264,47.719217600055565,-122.39825119153551,-192.59811947655672,30.506491521601752,-18.660906751153572,28.902729062815336,-9.761059249848312,1.497492498211135
135,2023-05-12 19:35:08.354000128,141.7199725088618,140.48625813546312,8.408722893440933,3.1925806590757095,30.019242188264187,23.313710370037256,1023.311760967625,47.71925049289861,-122.39824461024078,-192.60776462806672,30.58642140777218,-18.72798539436804,28.966979447933156,-9.820553762229622,1.464331242423243
136,2023-05-12 19:35:18.355000064,142.7768330993043,141.53355614381226,8.405763991618253,3.1924312288864827,30.020592742770248,23.315204287661913,1023.3132410360472,47.71928337524592,-122.3982368080422,-192.76407973435568,30.71089325281043,-18.831404346894793,29.06701533431241,-9.91300075357429,1.4346606451393387
137,2023-05-12 19:35:28.355000064,143.75317097809403,142.5010552590686,8.399944170947316,3.192084429752809,30.0214072898573,23.316684168075085,1023.3147091164042,47.7193161988242,-122.398227651116,-192.92295295271867,30.779357328764554,-18.87961687197149,29.123444323775452,-9.959609846360634,1.3945180723434698
138,2023-05-12 19:35:38.354000128,144.77983555166676,143.51842053277971,8.39442112958432,3.1917866491523035,30.02278251139324,23.318561420937613,1023.3165737640774,47.719348927631,-122.39821759059579,-193.06907538665578,30.72282321845245,-18.81379770711901,29.081352732860903,-9.907915509288753,1.387536755335492
139,2023-05-12 19:35:48.355000064,145.72597741358675,144.4559879770209,8.390483058859699,3.191588218354733,30.023888583764553,23.320001046550374,1023.3180014403342,47.71938155033802,-122.3982070082622,-193.21327642955444,30.662022617311898,-18.745556734366605,29.035557288060595,-9.853732488569877,1.3665928043115603
140,2023-05-12 19:35:58.354000128,146.75264198715945,145.4733435398978,8.384806348357715,3.1913898315104086,30.026185392376984,23.322621615867774,1023.3206094297767,47.71941410177091,-122.39819579017706,-193.31082956780585,30.760738200030577,-18.827516841736312,29.11486582457911,-9.927114516694969,1.3543754995476
141,2023-05-12 19:36:08.355000064,147.76924122177556,146.48072004933618,8.37767123789955,3.191191463582322,30.0297796922625,23.32646545116097,1023.3244412230288,47.71944656134986,-122.39818366426381,-193.34494159171373,30.795465358975342,-18.85254820163393,29.143390253400405,-9.951054778959692,1.3194689145077136
142,2023-05-12 19:36:18.354000128,148.7757751174351,147.47811765266056,8.375028414777866,3.191141414731126,30.031306091774063,23.328050634199826,1023.3260132275115,47.719478898488354,-122.3981708847626,-193.48735473317313,30.70810960002408,-18.760950836505316,29.076547081542834,-9.87635585739568,1.3194689145077136
143,2023-05-12 19:36:34.257999872,150.34596799466397,149.0340482157811,8.370904554836141,3.190894201981062,30.03172029914179,23.328982419577983,1023.326924603994,47.71952103063265,-122.39815711298198,-193.80161560379688,30.531384350441645,-18.586351402609978,28.939000562149044,-9.731375895438951,1.4102260356114185
144,2023-05-12 19:36:44.256000000,151.3525018903235,150.03143338591747,8.367117075000989,3.1907447975231356,30.033125122258102,23.330634629102633,1023.3285640380552,47.71956329297702,-122.39814620566312,-193.94367029816397,30.113251799387402,-18.191585506434333,28.608128567238722,-9.401218740868027,1.4678219009272315
145,2023-05-12 19:36:54.256000000,152.34897044702643,151.01883992051035,8.364612946102032,3.1908948831574016,30.03647576509312,23.333629031414375,1023.3315452629371,47.719595859574156,-122.39814063265796,-194.0095965347053,29.9263105955287,-17.99671977980458,28.462142092881333,-9.246109092190398,1.5446163880149817
146,2023-05-12 19:37:04.256000000,153.26491629207663,151.92645182979405,8.36482865190692,3.190844776553103,30.035689440295997,23.33299498070835,1023.3308985407473,47.71962850050578,-122.39813782298431,-194.2451267179529,30.14415254232077,-18.176539819290696,28.63995510212947,-9.403345375062642,1.6126842288427612
147,2023-05-12 19:37:19.256999936,154.79484781347907,153.4424539627179,8.36385068289688,3.1908956356529914,30.036557749205013,23.333835223478218,1023.3317179082203,47.71966972845302,-122.39813590331983,-194.80746286435382,30.75535967249529,-18.68756929671509,29.133931408192144,-9.854247271471568,1.6109388995907663
148,2023-05-12 19:37:29.257999872,155.85170840392158,154.48968572632992,8.364125499489408,3.1909953282495205,30.03697615731667,23.334138663725525,1023.3320066225023,47.71971120869396,-122.3981335227945,-195.02682617741763,30.803240986286472,-18.699191576860574,29.17728579291333,-9.87550753216748,1.5882496193148399
149,2023-05-12 19:37:39.256999936,156.7575889100152,155.38730869133758,8.361606065821007,3.1908458735728193,30.036876348120295,23.33443043006639,1023.3322867256288,47.71974438762517,-122.39813115665514,-195.22226848189055,30.699165856748433,-18.583285856722316,29.098554803049062,-9.78329661587029,1.5917402778188283
150,2023-05-12 19:37:49.256999936,157.8245148394143,156.4445040283212,8.360046460274713,3.1908966009100648,30.03854489505933,23.33597375634372,1023.3338157209944,47.7197775253404,-122.39812845066673,-195.37806031995632,30.67814915287674,-18.547256162953563,29.084776015650224,-9.758311307065854,1.5707963267948966
151,2023-05-12 19:37:59.256000000,158.7907873792474,157.40195924828177,8.359911603572035,3.1909962707704542,30.03924946905297,23.33655828910844,1023.3343868987953,47.71981062846541,-122.39812520263594,-195.56211657936058,30.58762036021496,-18.447406176465634,29.01586083061823,-9.678963764723559,1.5638150097869197
152,2023-05-12 19:38:09.256000000,159.72686390221077,158.32948972551029,8.359539592917828,3.19089718855946,30.03821315953103,23.33581201190293,1023.3336278887573,47.7198436784783,-122.3981215495074,-195.8097575354017,30.530619871099137,-18.381508546906726,28.97288150883612,-9.627610647948712,1.5498523757709648
153,2023-05-12 19:38:19.256000000,160.68307110308734,159.27696275903847,8.357722394479831,3.190996870141444,30.040334509059015,23.337745098380537,1023.3355482366401,47.719876719591724,-122.39811735552696,-195.92231655288936,30.570705103564272,-18.390963918670938,29.00933020557111,-9.645038701489502,1.53588974175501
154,2023-05-12 19:38:29.256999936,161.71980101561667,160.3042180447031,8.356980702148462,3.191046183042768,30.041065717467156,23.338437533902038,1023.3362265518631,47.71990976713289,-122.39811316120165,-196.1134377950137,30.502115015744373,-18.155683300479353,28.983516883564953,-9.504460505141974,1.5498523757709648
155,2023-05-12 19:38:38.253999872,162.58542016588385,161.16192239589452,8.357858471617247,,,,,47.71992944140326,-122.39810979891564,,,,,,1.5673056682909081
156,2023-05-12 19:38:48.096000000,163.0886871137136,161.66058606572958,8.358802960514646,,,,,47.71993604338674,-122.3981068666646,,,,,,1.5568336927789417
157,2023-05-12 19:38:58.068000000,163.52149668884724,162.08943585109262,8.358469545130014,,,,,47.719939492440375,-122.39810533477784,,,,,,1.5568336927789417
158,2023-05-12 19:39:08.081000192,163.91404490815444,162.47839185691177,8.35911102014011,,,,,47.71994300141965,-122.39810377627528,,,,,,1.5481070465189701
159,2023-05-12 19:39:18.095000064,164.32672380537483,162.8872935284197,8.358596808381465,,,,,47.719946510398934,-122.39810221777272,,,,,,1.5585790220309366
160,2023-05-12 19:39:28.073999872,164.6488146519859,163.20643572941978,8.358290678036056,,,,,47.719946510398934,-122.39810221777272,,,,,,1.52367243699105
161,2023-05-12 19:39:38.084999936,165.0413628712931,163.59538961479015,8.358788230167097,,,,,47.71995001867738,-122.39810065958143,,,,,,1.509709802975095
162,2023-05-12 19:39:48.082000128,165.4842377853833,164.0342084964885,8.358474748539223,,,,,47.71995352695583,-122.39809910139014,,,,,,1.542871058762988
163,2023-05-12 19:39:58.098000128,165.76606727616797,164.31345638643415,8.359299598207214,,,,,47.71995352695583,-122.39809910139014,,,,,,1.5899949485668345
164,2023-05-12 19:40:08.064999936,166.17874617338836,164.7223543957883,8.35910095039396,,,,,47.71995352695583,-122.39809910139014,,,,,,1.696460032938488
165,2023-05-12 19:40:18.065999872,166.46057566417304,165.0016013478921,8.35909648508431,,,,,47.71995352695583,-122.39809910139014,,,,,,1.7191493132144147
166,2023-05-12 19:40:28.066999808,166.73233981600112,165.2708748341407,8.358788228274202,,,,,47.71995352695583,-122.39809910139014,,,,,,1.6894787159305111
167,2023-05-12 19:40:38.081000192,166.99403862887257,165.53017489385567,8.35928988421912,,,,,47.71995352695583,-122.39809910139014,,,,,,1.7313666179783747
168,2023-05-12 19:40:48.072000000,167.07456134052538,165.60995946159824,8.359091260010484,,,,,47.71995352695583,-122.39809910139014,,,,,,1.741838593490341
169,2023-05-12 19:40:58.076000000,167.10475735739516,165.63987866649245,8.35877816285359,,,,,47.71995352695583,-122.39809910139014,,,,,,1.7854718247901993
170,2023-05-12 19:41:08.065999872,167.15508405217813,165.68974399827462,8.358944595680214,,,,,47.71995352695583,-122.39809910139014,,,,,,1.8081611050661257
171,2023-05-12 19:41:19.992000000,167.02423464574238,165.56009411039966,8.358773320643861,,,,,47.71995352695583,-122.39809910139014,,,,,,1.839577031602024
172,2023-05-12 19:41:28.073999872,166.5209676979126,165.061439930973,8.358610708231424,,,,,47.71995635923084,-122.39809784344375,,,,,,1.8552849948699726
173,2023-05-12 19:41:38.081000192,165.8969166826037,164.44310706311344,8.358454996019749,,,,,47.71996269838255,-122.39809502792865,,,,,,1.7784905077822224
174,2023-05-12 19:41:48.076999936,165.31312702312118,163.864664949058,8.358435214810267,,,,,47.719969708280935,-122.39809191450342,,,,,,1.7348572764823642
175,2023-05-12 19:41:58.066999808,164.63874931302928,163.19646254316297,8.357619726123406,,,,,47.71997671222174,-122.39808880372426,,,,,,1.7575465567582897
176,2023-05-12 19:42:08.083000064,163.92411024711103,162.48836507812103,8.357810752298102,,,,,47.71998372317145,-122.3980856898321,,,,,,1.6859880574265227
177,2023-05-12 19:42:18.094000128,163.0886871137136,161.66058606572958,8.357967499547831,,,,,47.719990741480515,-122.3980825726713,,,,,,1.7156586547104262
178,2023-05-12 19:42:28.101999872,162.0821532180541,160.66325751236906,8.357967509717389,,,,,47.71999775698599,-122.39807945675572,,,,,,1.6807520696705396
179,2023-05-12 19:42:38.071000064,161.26686076256985,159.85541782531578,8.35814888151934,,,,,47.72000475777286,-122.39807634737735,,,,,,1.6632987771505963
180,2023-05-12 19:42:48.079000064,160.28045754482355,158.87802727898395,8.358832235142224,,,,,47.72001175855974,-122.39807323799899,,,,,,1.6406094968746698
181,2023-05-12 19:42:58.069999872,159.38464237768653,157.99039304877428,8.359848446157635,,,,,47.720018767056295,-122.3980701251964,,,,,,1.5987215948268063
182,2023-05-12 19:43:08.083000064,158.36804314307042,156.9830731401513,8.361611522801857,,,,,47.720025777305096,-122.39806701161554,,,,,,1.5411257295109932
183,2023-05-12 19:43:18.078000128,157.2809865357581,155.9059335006344,8.361130957136554,,,,,47.720032788955734,-122.39806389741207,,,,,,1.5271630954950384
184,2023-05-12 19:43:28.069999872,156.17379925053262,154.80884100894247,8.357815612117093,,,,,47.72003979324703,-122.39806078647723,,,,,,1.4835298641951802
185,2023-05-12 19:43:38.078000128,155.07667730426374,153.72171628980973,8.36196459413184,,,,,47.72004680209408,-122.39805767351896,,,,,,1.4660765716752369
186,2023-05-12 19:43:48.084999936,153.8990326463421,152.55479618049176,8.365850745492093,,,,,47.720053816197805,-122.39805455822595,,,,,,1.4538592669112766
187,2023-05-12 19:43:58.098000128,152.72138798842045,151.38786942370825,8.367861863303185,,,,,47.7200608320537,-122.39805144215472,,,,,,1.4625859131712484
188,2023-05-12 19:44:09.256999936,151.5236126525856,150.20098838186297,8.36766006683314,3.1908443094581025,30.03427236344972,23.331458796754646,1023.329385586112,47.72008352514875,-122.39804556009557,207.63594676839452,32.42708191247692,18.9463834272726,30.670274175383064,10.528529021915581,1.457349925415265
189,2023-05-12 19:44:19.256999936,150.31577197779418,149.00412658564335,8.369240963263032,3.1906955711530416,30.031804239401865,23.32928392847691,1023.3272270630667,47.72011982090179,-122.39803751850766,207.75779701062297,32.1716802551997,18.731989065493096,30.46758261723254,10.331670721858885,1.464331242423243
190,2023-05-12 19:44:29.256000000,149.2287153704819,147.92694498960614,8.3830892142422,3.1913403192874825,30.028155527407048,23.324443437859486,1023.3223973874303,47.72015404733097,-122.39803043855183,207.7559633578091,32.11717365700282,18.67412863262656,30.426363474227248,10.283445407463699,1.4817845349431864
191,2023-05-12 19:44:39.256000000,148.18192011899598,146.88965365414268,8.380616712525274,3.191240645105706,30.029079030099737,23.325503784498892,1023.3234729544513,47.72018837127836,-122.39802416710074,208.01344891066262,32.307319278856774,18.823551527247922,30.579417626558484,10.424111310155645,1.504473815219112
192,2023-05-12 19:44:49.257999872,146.99421012211772,145.71272058499346,8.378226403848142,3.191091947900009,30.029814464060852,23.32640311494697,1023.3243894284354,47.72022277724999,-122.39801756173145,208.29919058790293,32.385804933511544,18.87157528158768,30.64493641325434,10.47512450613638,1.4660765716752369
193,2023-05-12 19:44:59.256000000,145.85682682002246,144.58565122190777,8.384168513383194,3.1913392779512217,30.028237504017437,23.324307611145855,1023.3223078917572,47.720257150261226,-122.39801085293898,208.4363639299024,32.22921816192625,18.71814330200607,30.524573071136,10.342772459738043,1.4992378274631297
194,2023-05-12 19:45:09.256000000,144.78990089062336,143.5283946771138,8.38820955805382,3.1914886753400666,30.02696754174901,23.32272350182427,1023.3207373714985,47.7202914936242,-122.3980051125181,208.5765408018787,32.155598010268065,18.63811582939154,30.469230267847166,10.276599159394205,1.5132004614790835
195,2023-05-12 19:45:19.256000000,143.54179886000557,142.29159707536448,8.392188238103401,3.1917863976654957,30.02723482699317,23.32234992481608,1023.3203798286411,47.72032586187779,-122.3979996903168,208.81180099875078,32.24443584727399,18.702315432539656,30.541843231883092,10.33921926975363,1.5149457907310782
196,2023-05-12 19:45:29.256000000,142.52519962538943,141.2841999609374,8.402985882244579,3.1922325055679805,30.02357085639242,23.317929289163885,1023.3159701930722,47.720360302502385,-122.39799529657272,208.81203086289986,32.290827708548775,18.73110706703822,30.580578593113035,10.369463197948967,1.5638150097869197
197,2023-05-12 19:45:39.256999936,141.317358950598,140.08728605683723,8.405540403610818,3.192430887207998,30.023690631200783,23.317642771028545,1023.3156996453457,47.72039477891976,-122.39799221905507,209.03557416441535,32.276594166820615,18.70821663864794,30.571237388967752,10.352679629787582,1.5795229730548683
198,2023-05-12 19:45:49.256000000,140.2001063264159,138.98013446741524,8.41425708292427,3.1928280288873747,30.021171331549972,23.314412440049182,1023.3124823402142,47.72042922249065,-122.39798931977668,209.0946346125328,32.19797488310638,18.631451176615755,30.510581472885583,10.286593447762998,1.5725416560468912
199,2023-05-12 19:45:59.256999936,139.03252700745085,137.8231047885748,8.43393922166089,3.1936730654747696,30.01449738755299,23.306362550580047,1023.304443179719,47.720463619110454,-122.39798691718104,208.9316283434493,32.155611647327135,18.56512209787098,30.48231065707245,10.23777795322051,1.6039575825827894
200,2023-05-12 19:46:09.256999936,137.885078366399,136.6860175280798,8.44636123948918,3.1942200261451434,30.009921526345966,23.300989460946653,1023.2990826561629,47.72049802860061,-122.39798565436354,210.4251104442391,32.273879215875674,18.61161436724146,30.586075863926872,10.300254505935367,1.6283921921107096
201,2023-05-12 19:46:19.256000000,136.70743370847734,135.51900035313557,8.452436716786567,3.194418422954666,30.007026522928104,23.29783777188618,1023.2959457807216,47.72053249934626,-122.39798543294269,210.50953404374346,32.43014204210006,18.704602787023084,30.717328479363186,10.399992498155427,1.6545721308906247
202,2023-05-12 19:46:29.256999936,135.67070379594801,134.49162075412085,8.448627972017917,3.194219322570787,30.007795026341878,23.298969212438124,1023.2970927671845,47.720567023444715,-122.3979860064737,210.7643255179094,32.520346100899665,18.7633522013815,30.792058667363136,10.460498723673117,1.6667894356545847
203,2023-05-12 19:46:39.256000000,134.47292846011317,133.30464178969046,8.459957922282106,3.194766319888994,30.004965335674893,23.295117472110405,1023.293254614858,47.720601544938305,-122.39798722796337,210.85094802703307,32.53704479960691,18.762803869929478,30.807970075939156,10.465575191630158,1.6859880574265227
204,2023-05-12 19:46:49.256999936,133.40600253071406,132.2473270018421,8.460696624701294,3.194914410953213,30.005845077048843,23.295686061845913,1023.2938378474203,47.72063598154788,-122.39798937355788,211.10151846348631,32.4829788387216,18.69958751754933,30.768286382622,10.414243482547963,1.7121679962064378
205,2023-05-12 19:46:59.256999936,132.23842321174902,131.09025927926365,8.463882946068715,3.194964431202384,30.00412564459901,23.293867497160704,1023.2920347890314,47.72067028206897,-122.3979923950466,211.262277881773,32.37142136953157,18.58587465946651,30.68315513018862,10.317602082874917,1.7296212887263809
206,2023-05-12 19:47:09.256000000,131.10103990965376,129.96310943470527,8.466757261617156,3.1951138834011665,30.003549229414226,23.292989147268145,1023.2911715558071,47.72070443158368,-122.39799625038893,211.4634491248066,32.32047561243773,18.524301049349372,30.645919141350277,10.268436287770546,1.7540558982543013
207,2023-05-12 19:47:19.256999936,129.9435259296453,128.8160036645928,8.467164994864737,3.195063114352774,30.003010548715842,23.292492733619156,1023.2906912431561,47.72073853190058,-122.39800081968036,211.68641009189568,32.459065691072176,18.625541003232776,30.759058865518355,10.366833810036487,1.7645278737662675
208,2023-05-12 19:47:29.256000000,128.9168613560726,127.79856534249247,8.467204454879328,3.1950628013934597,30.00324871441858,23.29265928159714,1023.2908721194768,47.72077275760195,-122.39800527709703,211.9163602595625,32.620983292298845,18.7453614967364,30.890640722126324,10.4831706431285,1.7470745812463242
209,2023-05-12 19:47:39.256000000,127.73921669815093,126.63149751157454,8.469080049584843,3.1950624218647086,30.002195537134792,23.29154967882414,1023.2897785206568,47.72080702243188,-122.39800992967756,212.1138752571029,32.63593661344561,18.73992397432372,30.905796059289123,10.485043089013445,1.7732545200262393
210,2023-05-12 19:47:49.256000000,126.64209475188204,125.54422320442181,8.471224199364737,3.195112475149293,30.00136171577861,23.290574559955076,1023.2888181995406,47.72084121143878,-122.39801518342439,212.2987901355791,32.61491976707157,18.705780632589004,30.89213205957937,10.459883757768258,1.7767451785302277
211,2023-05-12 19:47:59.257999872,125.48458077187358,124.39709267552819,8.47339291163029,3.195112098611618,29.999996718483935,23.289178996682608,1023.2874383091886,47.72087543216088,-122.39802070491822,212.47245416317915,32.812939753977965,18.865277348701124,31.05027742335883,10.60986744642178,1.7854718247901993
212,2023-05-12 19:48:14.800000000,123.60236238699027,122.53174496086325,8.47768759984587,3.1951604937987925,29.99772430863457,23.286758300243378,1023.2850429104669,47.720919635511784,-122.39802664000533,213.00605300126455,33.2820834268647,19.236816371284498,31.423773521691693,10.965561312135831,1.7400932642383464
213,2023-05-12 19:48:24.800000000,122.45491374593838,121.39457277413868,8.480970763223588,3.1952595282369542,29.996622683495232,23.285409491395853,1023.2837093437139,47.7209642688721,-122.39802961970938,213.187430304573,33.2165700969199,19.147326342039868,31.378973226242756,10.894979039462797,1.6406094968746698
214,2023-05-12 19:48:33.635000064,121.4081184944525,120.35714702344355,8.483245222296059,3.195409023941941,29.99664535447443,23.285086968506675,1023.2834008701536,47.720997387598004,-122.398027373308,213.6500478713745,33.26576386121244,19.162903707297737,31.422477873267763,10.91965794216768,1.528908424747033
215,2023-05-12 19:48:44.800000000,120.05936307426872,119.02045609338889,8.491064431925166,3.1956577982074226,29.993323221507154,23.281346305416037,1023.2796772311684,47.721032563964044,-122.39802098874887,213.7602606098395,33.36442538746381,19.2255526805404,31.503678334846608,10.986497749972747,1.464331242423243
216,2023-05-12 19:48:54.800000000,118.95217578904324,117.92316597045733,8.490878957779497,3.1956574588589546,29.99364391806219,23.281608532059636,1023.2799550000174,47.72106963797545,-122.39801246954332,213.99865775930402,33.12752995581547,19.007310831205114,31.32131850242125,10.789265417225385,1.4398966328953218
217,2023-05-12 19:49:04.800000000,117.85505384277435,116.83584541006896,8.4983118420172,3.195904923290672,29.990658770360376,23.27819010067958,1023.2765501968227,47.72110446453642,-122.39800376631659,214.05533664221338,32.93977378389886,18.835563106905877,31.175817592306373,10.634711767869918,1.4329153158873449
218,2023-05-12 19:49:14.800000000,116.71767054067908,115.70861707999502,8.509664246126336,3.196103321521114,29.983999420616772,23.27133093507132,1023.2697044554533,47.7211391985926,-122.39799456748676,213.9490438183642,32.999241386199024,18.882614898944222,31.223341033403187,10.679555551446475,1.4154620233674016
219,2023-05-12 19:49:24.800000000,115.55009122171401,114.5514558768448,8.510873436376121,3.1961533662519286,29.983612282340626,23.270837887858306,1023.2692275181505,47.7211739186884,-122.39798459784147,214.1607178175049,33.12603141221995,18.981522755420144,31.324754377954317,10.774679590791317,1.3962634015954636
220,2023-05-12 19:49:34.800000000,114.41270791961875,113.42421496607577,8.513697502714157,3.196202008554775,29.982094759740967,23.269228288301065,1023.2676332653167,47.72120860273122,-122.3979736367455,214.32166911817123,33.230595868101354,19.06076857032087,31.408653431109286,10.85214224904657,1.368338133563555
221,2023-05-12 19:49:44.800000000,113.41623936291583,112.43662711908101,8.521500133167912,3.1964509159004475,29.978720758044393,23.265452070860647,1023.2638692945916,47.72124322072235,-122.39796176302829,214.34186510283004,33.27905120630264,19.098814569955483,31.447228528348433,10.888850585692767,1.3526301702956054
222,2023-05-12 19:49:54.800000000,112.3895747893431,111.41910738345416,8.531675491644066,3.196748814198729,29.97382708671805,23.26014393637172,1023.2585733580255,47.72127780878594,-122.39794956179962,214.28973677660272,33.27722454134862,19.096709940328616,31.44590234481374,10.887097817865556,1.3526301702956054
223,2023-05-12 19:50:04.800000000,111.18173411455166,110.22201886495706,8.53779176387715,3.1968982428678028,29.97065746315453,23.2567658949622,1023.2552109996604,47.721312404295894,-122.39793732054873,214.3680971803338,33.31552522203633,19.12643262706514,31.476436737565,10.915958552789002,1.3508848410436116
224,2023-05-12 19:50:14.800000000,110.13493886306574,109.18453648512833,8.54311888005839,3.1970967558120047,29.968500243454198,23.254296031225635,1023.2527547128733,47.721346951466884,-122.39792464426269,214.46977210129455,33.32978665207322,19.132415779181965,31.488770339748374,10.923919661151906,1.3316862192716736
225,2023-05-12 19:50:24.800000000,108.97742488305728,108.03731426877594,8.545673934821988,3.197047351885435,29.96597261532727,23.251933004655257,1023.2504075195878,47.72138139602684,-122.39791147684768,214.57941762175938,33.245125485545216,19.055753416083867,31.423336622793972,10.854136724780249,1.3264502315156905
226,2023-05-12 19:50:34.800000000,107.80984556409224,106.88010969188007,8.554457400960713,3.19699648575886,29.958624332877235,23.244898934958087,1023.2433882082136,47.721415718223724,-122.39789801557448,214.4396759610681,33.13072468721288,18.96552032007627,31.332200969686493,10.76745562772719,1.315978256003725
227,2023-05-12 19:50:50.378000128,106.08867260251444,105.17421859802441,8.57612090975327,3.197145598696281,29.942963194058063,23.229492283851528,1023.2280015939102,47.72145955058606,-122.39788330549054,213.9782918162571,32.49146941155712,18.45627040244555,30.82028868163734,10.286174706988463,1.399754060099452
228,2023-05-12 19:51:00.378000128,105.03181201207195,104.12673456378774,8.579931348216029,3.1968468984437566,29.936935571959356,23.22420872591249,1023.222732402783,47.72150346629448,-122.39787305031659,213.89375877428387,32.130733554384676,18.158181538177626,30.53061538634383,10.013269339931222,1.5306537539990268
229,2023-05-12 19:51:10.378000128,103.91455938788985,103.01938846878147,8.591019518261414,3.197244223106965,29.932792822337333,23.21935049746878,1023.2178876696454,47.72153797676085,-122.39787123906598,213.90087330855891,32.58167404069645,18.55990990149277,30.887145327152552,10.370618922395668,1.6737707526625627
230,2023-05-12 19:51:25.378000128,102.1128637146593,101.23365556598077,8.60037559026795,3.1977912582191257,29.930860647355612,23.21646210645713,1023.2150228164039,47.721581215497025,-122.39787758850612,214.3953187868796,33.66979940105741,19.46783551713206,31.744854334950848,11.221390954788019,1.8291050560900575
231,2023-05-12 19:51:35.379000064,100.90502303986786,100.03650746413773,8.60909437585491,3.1975918895187245,29.921601899270087,23.207937367335944,1023.2065137185205,47.721624204325565,-122.39788805249864,214.20624140822738,33.44906293122851,19.267901505146387,31.57544597292675,11.037709118656334,1.870992958137921
232,2023-05-12 19:51:45.378000128,99.74750905985941,98.88923396070828,8.613622935774956,3.197342160655956,29.915696119612196,23.202643249421612,1023.2012353189707,47.72165816156737,-122.39789714926034,214.15771374271105,32.90162328724737,18.789533241837827,31.148233783140018,10.59737453932781,1.8622663118779494
233,2023-05-12 19:51:55.379000064,98.60006041880754,97.7519303993884,8.619403894826029,3.197441197385315,29.91256955576433,23.199343923323,1023.1979511885318,47.7216918608187,-122.39790590132122,214.24081996856577,32.55475351285016,18.48118389115138,30.875833510402128,10.319635716456226,1.8605209826259557
234,2023-05-12 19:52:05.378000128,97.42241576088588,96.58469122352497,8.623936942350246,3.197690116095515,29.91157080041465,23.1978900412322,1023.1965131257997,47.72172536905392,-122.3979147179135,214.42371429838343,32.41975935501878,18.360496641669485,30.769380108104073,10.212053877665221,1.8692476288859274
235,2023-05-12 19:52:15.378000128,96.28503245879061,95.45735133904753,8.627039000156433,3.1973409605698575,29.904949706648186,23.192242051970425,1023.1908809489315,47.721758905107606,-122.39792335949691,214.3390680428201,32.54317623267785,18.479019122113506,30.865243035319107,10.31479964331901,1.8517943363659841
236,2023-05-12 19:52:25.378000128,95.2483025462613,94.42977063462067,8.635597897525074,3.1964945894316394,29.88981037662607,23.17913793846151,1023.1777904557895,47.72179291286191,-122.39793009797802,213.85006090902476,32.81806226357744,18.732881132655756,31.07956240452145,10.539734886585254,1.7715091907742444
237,2023-05-12 19:52:35.379000064,94.12098458312263,93.31239546765065,8.637295377200193,3.196145497389928,29.885524004453874,23.17552089458559,1023.1741892911002,47.721827410704186,-122.39793451988083,213.88414825091283,32.9212368897529,18.82422884196283,31.160375334146174,10.622563126965254,1.7348572764823642
238,2023-05-12 19:52:45.378000128,92.9232092472878,92.12517766599494,8.636818528474812,3.1960947222791156,29.88546583105494,23.175527293308505,1023.174212836269,47.72186213764478,-122.3979362870329,214.12581262209414,32.779933918746394,18.70249218802426,31.049033144260633,10.511023191106801,1.6423548261266645
239,2023-05-12 19:52:55.379000064,91.80595662310571,91.01776661535533,8.651136206738324,3.196045220152848,29.87394832364336,23.164423319911407,1023.163122369839,47.7218969333396,-122.39793361102656,213.79161072421465,32.6379813791439,18.59236840347426,30.93463404369719,10.406067705328221,1.5201817784870615
240,2023-05-12 19:53:05.378000128,90.71890001579342,89.94027983931342,8.669723131140174,3.1965922898784704,29.86509597061783,23.154785534023404,1023.1534967571052,47.72193160412564,-122.39792711866345,213.54718315005488,32.58411035007563,18.556827041982462,30.890012926421353,10.369732335572973,1.457349925415265
241,2023-05-12 19:53:15.378000128,89.58151671369814,88.8129033408673,8.668702481534574,3.1964420877097797,29.864125233230354,23.154157429498582,1023.1528851429046,47.72196608257749,-122.39791870368414,213.75274936074047,32.45979308145112,18.439716162952163,30.793209366592475,10.267250060061034,1.4259339988793671
242,2023-05-12 19:53:25.378000128,88.47432942847269,87.71545122413961,8.670176689590045,3.196242860483873,29.861202689403097,23.151640325521385,1023.150383685388,47.72200047882877,-122.39790994170707,214.14530929168595,32.42213630437616,18.381948911673202,30.76781009487325,10.224323180795992,1.4398966328953218
243,2023-05-12 19:53:35.379000064,87.31681544846421,86.56810862505036,8.669303474457301,3.1961430821818557,29.861081272034138,23.151655355721005,1023.1504154199775,47.72203500867924,-122.39790202460118,214.42051578399122,32.617960040880725,18.52372295473156,30.92809515822761,10.36263707326034,1.4678219009272315
244,2023-05-12 19:53:45.378000128,86.20962816323873,85.4706444650506,8.669323511384633,3.196092326842735,29.860904472863286,23.15149825554431,1023.1502741325049,47.72206966640254,-122.39789393642224,214.68878883277705,32.81425809338741,18.66629613641406,31.088185863607105,10.502391819450482,1.4329153158873449
245,2023-05-12 19:53:55.379000064,85.15276757279624,84.42305954685138,8.669217264449731,3.196142422264994,29.861740481155852,23.15215293753579,1023.1509438907535,47.722104384204634,-122.39788514493385,214.97625485035374,32.9343456157466,18.749847901132544,31.186552261574437,10.586315656239128,1.4346606451393387
246,2023-05-12 19:54:05.378000128,84.01538427070095,83.29565264095866,8.671169377011656,3.1957443306619653,29.856383891536996,23.147660932242616,1023.1464679676436,47.722139150694915,-122.39787623322908,215.00290383923615,32.975274434476795,18.774497213772168,31.220746122284606,10.612904201815342,1.4276793281313618
247,2023-05-12 19:54:15.378000128,82.91826232443206,82.20814805608615,8.67547818212797,3.195743949155923,29.85344228712136,23.144717986723663,1023.1435400129495,47.72217388129922,-122.3978671090569,215.1041177844354,32.891762891382854,18.69565175612609,31.156216086548994,10.54316201484241,1.4241886696273733
248,2023-05-12 19:54:25.379000064,81.80100970024999,81.10068331638541,8.677486601394413,3.1955937444939817,29.85052414501133,23.142126667263028,1023.1409643981442,47.72220848728219,-122.3978573158552,215.2187489225504,32.81689527918967,18.62465856833786,31.09830895412523,10.480639100697818,1.3945180723434698
249,2023-05-12 19:54:35.379000064,80.6837570760679,79.99321258019694,8.682953466369396,3.195443508148591,29.845113915088422,23.13708300990686,1023.1359359308833,47.722242931804395,-122.39784634955454,215.20938424497123,32.82958909952356,18.63272633246074,31.108861364370835,10.489073603322254,1.3665928043115603
250,2023-05-12 19:54:45.378000128,79.60676580771222,78.92564502292633,8.690795702270067,3.195592938042529,29.840792950896706,23.132547441464112,1023.1314145423056,47.72227721908501,-122.39783417296873,215.21958880773346,32.86192404479199,18.66168554079548,31.134190779667133,10.51514224444768,1.335176877775662
251,2023-05-12 19:54:55.378000128,78.43918648874715,77.76827576838227,8.698293480111905,3.195642917637196,29.835355605192376,23.127186332671158,1023.1260690394486,47.72231128160462,-122.39782062299304,215.18767074120547,32.831040322170956,18.644722991383908,31.108039528936054,10.496050938432374,1.2985249634837819
252,2023-05-12 19:55:05.378000128,77.44271793204422,76.78051579344611,8.707874280383914,3.195293822293813,29.82386292062881,23.11678542164077,1023.1156811723217,47.72234511782915,-122.39780603816911,214.84619260911504,32.75532176358569,18.59839721432007,31.04475147547853,10.446746367257324,1.2828170002158321
253,2023-05-12 19:55:15.378000128,76.37579200264511,75.7229089155358,8.714183632275494,3.1946955069680856,29.81347404127511,23.10772251036974,1023.1066328537787,47.72237888740396,-122.39779133091668,214.60160141694496,32.72082779347846,18.58122004215614,31.015186096509854,10.426447280322028,1.2915436464758039
254,2023-05-12 19:55:30.916000000,74.72507641376349,74.08660070463714,8.714694661277097,3.1946459872106776,29.812761331648982,23.1070667794329,1023.1060007266655,47.72242226899414,-122.39777465737967,214.9534711945359,32.56345514682882,18.431274816139666,30.893066270988992,10.295487724037882,1.3508848410436116
255,2023-05-12 19:55:40.915000064,73.66821582332099,73.03895747538199,8.715182064743988,3.1945952494876733,29.81209447316337,23.106458879719867,1023.1054079190924,47.722465995240256,-122.397761581647,215.18697310319,32.377345031967046,18.255478305889138,30.747766670426927,10.14235259197905,1.4678219009272315
256,2023-05-12 19:55:50.915000064,72.61135523287848,71.99130887903998,8.715406858487405,3.1944955096139838,29.811135832971654,23.105660813138115,1023.1046249956601,47.72250063528503,-122.39775711626454,215.39969235015397,32.64278159243033,18.48970195407863,30.95778309621682,10.352142573337204,1.6074482410867779
257,2023-05-12 19:56:05.915000064,70.92037828817048,70.31505996091515,8.718331855280391,3.1941967339538735,29.806002305066617,23.1011937674881,1023.1001818925091,47.72254441926234,-122.39775895640118,215.54696861476407,33.649066853060084,19.343687097714184,31.749532121760975,11.145712634505472,1.7278759594743862
258,2023-05-12 19:56:15.915000064,69.83332168085816,69.23746411469651,8.722941329425183,3.1936489110450412,29.797460194053805,23.09382284795379,1023.0928261179071,47.72258830869293,-122.39776400916392,215.4117948889439,33.62328953148925,19.299103042823557,31.733866623408353,11.112484332771126,1.7592918860102844
259,2023-05-12 19:56:25.915000064,68.62548100606675,68.04012873631022,8.723326648361782,3.1935995340262298,29.79694882368791,23.093349297283567,1023.0923698402969,47.72262316320865,-122.3977692029089,215.6545658366154,33.319447933446675,19.017978376930078,31.500751571243985,10.857636070362343,1.7784905077822224
260,2023-05-12 19:56:35.915000064,67.60888177145061,67.032366025617,8.724337647641937,3.193400408366496,29.7944064428011,23.091198051248398,1023.0902330947074,47.72265779826929,-122.39777500565306,215.786974208173,33.23852219701596,18.932516033712734,31.44036399910131,10.784380809556795,1.7907078125461826
261,2023-05-12 19:56:45.916000000,66.380910418746,65.81506187055089,8.725259780759314,3.1933006251256217,29.793015735120704,23.08995797374166,1023.0890105257207,47.722692366566925,-122.39778093676362,215.99329446692823,33.17588723144386,18.87523802270191,31.391862536630736,10.732681867770019,1.7854718247901993
262,2023-05-12 19:56:55.915000064,65.26365779456393,64.70750835089866,8.729921373190699,3.193000644728496,29.78600199235182,23.083775001789945,1023.0828431079826,47.72272676963254,-122.39778729796883,215.86700046634243,32.97999992266587,18.72838866235976,31.23375198417323,10.58929326679525,1.813397092822109
263,2023-05-12 19:57:05.915000064,64.09607847559886,63.550058622049264,8.748269556748175,3.1920565897943103,29.762025069747608,23.062324202353807,1023.0614071683843,47.72276097681933,-122.39779407827298,214.95530095445503,32.83475363760337,18.645833602208643,31.111354484058534,10.497841140413522,1.8081611050661257
264,2023-05-12 19:57:15.915000064,63.04928322411295,62.5123395012943,8.756056206310456,3.1914598961194547,29.750196215040457,23.051918635776815,1023.0510159007491,47.72279511332914,-122.39780086960364,214.58517987069467,32.80410621835243,18.6519535715243,31.081195214192043,10.491362582726527,1.8151424220741028
265,2023-05-12 19:57:25.915000064,61.83137721036491,61.30498658767639,8.757416210703315,3.191110994521389,29.74579005511425,23.048255177236797,1023.0473698882627,47.72282921778795,-122.39780776118198,214.64128406862505,32.80216133066461,18.660811654046746,31.077730206041156,10.495545398094643,1.813397092822109
266,2023-05-12 19:57:35.915000064,60.683928569313046,60.16747401362355,8.761563755426097,3.1909622455329596,29.74089356468606,23.04380279159102,1023.0429335778246,47.72286327264518,-122.39781474609259,214.64201414318393,32.71664627950951,18.597346035169934,31.008287158460288,10.43384259403075,1.820378409830086
267,2023-05-12 19:57:45.915000064,59.52641458930459,59.019976846447754,8.774406612106343,3.190414530340591,29.72606757288985,23.03031271814757,1023.0294588699768,47.72289727353261,-122.39782152576016,214.20548434887587,32.56779667240288,18.48000355396851,30.888416676689197,10.323133986450275,1.8046704465621373
268,2023-05-12 19:57:55.915000064,58.42929264303571,57.93234315111496,8.774539223539625,3.1905639391005756,29.727438830440303,23.031350504567513,1023.0305123985257,47.72293137243746,-122.39782763467755,214.49883670323393,32.693752255432265,18.586079925021817,30.988638166689192,10.420448220378825,1.787217154042194
269,2023-05-12 19:58:11.988000000,56.506812902326,56.026475657782605,8.775860731445748,3.1904639762082074,29.725689695155758,23.02976144845195,1023.0289508984694,47.72297679395536,-122.39783192159494,214.88667192628773,33.51708240839499,19.266426356427424,31.63994015125451,11.059339962048996,1.6859880574265227
270,2023-05-12 19:58:21.989000192,55.22851485483841,54.75921361486434,8.776675458756529,3.190264851893518,29.723205386034,23.027680373290195,1023.0268881876812,47.72302297608966,-122.39783150496447,215.05853068757355,33.924638926490964,19.60690488781701,31.9575872546566,11.383924769331351,1.5585790220309366
271,2023-05-12 19:58:36.989000192,53.39662316473807,52.94312360489216,8.791077412906043,3.190213767403147,29.71196876371447,23.01676008535867,1023.0159928484902,47.7230671649737,-122.39782115064963,214.89407515814105,33.83754704236687,19.55698184768129,31.885426709476302,11.326921620590745,1.3753194505715318
272,2023-05-12 19:58:46.989000192,52.25923986264279,51.81554311712696,8.804046226478503,3.190412006013292,29.704226275481314,23.008791400452424,1023.0080392543315,47.723110639773765,-122.39780588895891,214.7452578453395,33.138446958446806,18.960737244758185,31.340403004171588,10.767349086655674,1.3212142437597072
273,2023-05-12 19:58:56.989000192,51.08159520472113,50.64804172144334,8.808197332922711,3.190510970485572,29.701812662489914,23.00627926668892,1023.0055437145284,47.7231446394312,-122.39779195501737,214.85150934531129,32.58395412502001,18.47112773213722,30.905340562710993,10.323467979524073,1.2932889757277986
274,2023-05-12 19:59:06.988000000,50.024734614278636,49.600278380922866,8.82688324001873,3.1907595731608045,29.690002544101294,22.994290976589127,1022.993568902517,47.72317810247978,-122.39777659630039,214.49084259401434,32.45847874333852,18.369629779544443,30.804498253690717,10.229160751015888,1.2444197566719568
275,2023-05-12 19:59:16.989000192,48.94774334592294,48.53255211800212,8.833437776006773,3.1909075285413127,29.6862045638292,22.990344547253017,1022.9896374449171,47.72321140719064,-122.39776044330983,214.52388327708871,32.59623778694935,18.491996882055773,30.9132277719599,10.338620148853135,1.2531464029319286
276,2023-05-12 19:59:26.989000192,47.76003334904469,47.35505313640204,8.837914897846733,3.190957507161768,29.68308293767223,22.98722957665609,1022.9865392806162,47.723244715689525,-122.39774383030084,214.62838156085272,32.751189428099,18.62321026623274,31.03630843489554,10.458870287428564,1.2234758056480248
277,2023-05-12 19:59:36.989000192,46.58238869112304,46.18752626194867,8.85031231859469,3.191056392183857,29.674618102805113,22.978773927805264,1022.9780996096257,47.723277680291126,-122.39772571474757,214.47134440993008,32.68638993308944,18.573072447745872,30.98402417329915,10.411067807212882,1.1763519158441782
278,2023-05-12 19:59:46.989000192,45.52552810068054,45.13974005507703,8.857968786884637,3.191204349193332,29.670035211554186,22.974050872997395,1022.9733912240587,47.72331019536158,-122.39770631430842,214.4603373982446,32.48827545011062,18.4109066954559,30.82539257749749,10.260760896026333,1.1536626355682518
279,2023-05-12 19:59:56.989000192,44.32775276484569,43.95224252676286,8.870712696756613,3.191452992146679,29.662656336435926,22.966391485880763,1022.9657481434442,47.72334205939027,-122.39768518297764,214.34638119572085,32.43725513427869,18.372285381941182,30.78388229752999,10.223899028164805,1.08035880698449
280,2023-05-12 20:00:06.988000000,43.27089217440319,42.90444485994366,8.881493118770868,3.1917003022623147,29.65676937898262,22.96018818452376,1022.959559308677,47.72337314169682,-122.39766169800681,214.2889283303348,32.60427872750828,18.513717873773707,30.916930953624078,10.352891951039105,1.0262536001726656
281,2023-05-12 20:00:16.988000000,42.183835567090895,41.82670451237628,8.881751686567513,3.1916999657560723,29.656429628816483,22.959868613908725,1022.9592555610809,47.72340350121257,-122.3976360396017,214.5333619602116,32.84538493980507,18.707304546518273,31.110143402191724,10.534623360094104,0.9634217471008699
282,2023-05-12 20:00:26.989000192,41.026321587082435,40.6791043755603,8.885196548898195,3.191798959647629,29.65496422957408,22.958199381238614,1022.9576029090566,47.72343298518316,-122.3976081588569,214.73992516542015,32.96253447841908,18.792155352760865,31.205412988402255,10.61842170306974,0.9023352232810684
283,2023-05-12 20:00:42.476999936,39.375605998200804,39.042515640608066,8.892087962692155,3.1919481597450314,29.651272217408327,22.95427462378973,1022.9537016771544,47.72346938825453,-122.39757095285228,214.91334088081803,32.4173436233902,18.335079444910708,30.771614195755006,10.197643226969971,0.8779006137531478
284,2023-05-12 20:00:52.476999936,38.308680068801706,37.984713509055716,8.913630965200227,3.1924445534223995,29.639535267595907,22.94190973757543,1022.9413507335457,47.72350567014964,-122.39753460648124,214.4811859010282,31.729038873810723,17.792992454244953,30.211336574141857,9.695723297398223,0.9302604913129776
285,2023-05-12 20:01:02.476999936,37.2417541394026,36.92690590172632,8.961340468527474,3.19348808471012,29.612973123345288,22.91408610827409,1022.9135392260877,47.72353487776071,-122.39750880303684,213.2843694918417,31.251537731475697,17.446265676614267,29.813921539689208,9.369562049909543,1.007054978400728
286,2023-05-12 20:01:12.476999936,36.22515490478648,35.91898978505144,8.982001139408878,3.193984569187233,29.601451765899444,22.902008444181206,1022.9014750544172,47.7235652457546,-122.39748644067225,212.86546088451377,31.17925491822594,17.42118628781826,29.749052730568565,9.334870052098607,1.1222467090323538
287,2023-05-12 20:01:22.476999936,35.11796761956099,34.82125370497479,8.984301733685081,3.1941830220528487,29.600796035046038,22.90113909167576,1022.9006218711265,47.72359706018875,-122.39746862237402,213.0667136207332,31.303765257947322,17.530890014770208,29.849852235602597,9.429318153364033,1.2601277199399057
288,2023-05-12 20:01:32.477999872,34.10136838494487,33.813327201704766,8.994194880602405,3.194381433036689,29.5944832901791,22.894724222700233,1022.8942213557604,47.72363010694762,-122.3974562218352,212.99098860601185,31.40396490286587,17.617138364480418,29.931124601676967,9.5045668864667,1.4102260356114185
289,2023-05-12 20:01:42.476999936,33.044507794502366,32.765477545824496,9.004072350221758,3.1942815944875895,29.58570011167089,22.886378733703168,1022.8858908912293,47.72366393363457,-122.39744980819891,212.81324751814523,31.691160984692818,17.873922887514578,30.161561524547707,9.726761586398608,1.5655603390389135
290,2023-05-12 20:01:51.296000000,32.07823525466922,31.80743887209672,9.008311856316627,3.1943806701657986,29.5830286134521,22.883647702766666,1022.883173890889,47.723696082886335,-122.39744937788291,212.88971139505077,32.28723767541531,18.392065707183356,30.637996323939365,10.187192840181044,1.7156586547104262
291,2023-05-12 20:02:02.476999936,30.830133224051398,30.569965603219607,9.021368543050347,3.1943801557443128,29.573046171486524,22.87388941776146,1022.8734333221952,47.723730261751435,-122.39745461334316,212.9698898247295,32.935726578978056,18.929121179730817,31.154582319990265,10.684291541892305,1.820378409830086
292,2023-05-12 20:02:12.476999936,29.813533989435275,29.562018127781982,9.021270303442746,3.1944302478276088,29.573394253262617,22.874161054199703,1022.8737200274373,47.7237662654837,-122.39746274315638,213.23744366872074,32.81928537506038,18.809249018569812,31.066644487971324,10.581544914975941,1.8483036778619957
293,2023-05-12 20:02:22.476999936,28.776804076905957,28.534106175034157,9.025135229191473,3.194429888383439,29.570557524762805,22.871354744899122,1022.8709288713974,47.72380002159077,-122.39747084355592,213.38461753691635,32.48523523353238,18.498344415212763,30.80681484968186,10.306826232907714,1.8430676901060123
294,2023-05-12 20:02:32.476999936,27.629355435854094,27.39641118790765,9.025708984161078,3.194429531989452,29.570263669271476,22.87102289757331,1022.870614002592,47.72383374274637,-122.39747840709242,213.66846090933026,32.447016393673486,18.441900836809545,30.780697316537765,10.26438237591531,1.8238690683340744
295,2023-05-12 20:02:42.476999936,26.562429506454993,26.338548761213037,9.02670065039341,3.194429196830302,29.569656651030254,22.8703854192986,1022.8699922885614,47.72386763655901,-122.39748510922472,213.91239031706627,32.541869774391685,18.504233946732015,30.859461777275445,10.327967236118784,1.7994344588061542
296,2023-05-12 20:02:52.476999936,25.51563425496908,25.30064067924109,9.03251253314134,3.1944778233346383,29.56599025786185,22.866641258890354,1022.8662633581414,47.72390174034809,-122.39749077730028,214.00117401088923,32.574138676587005,18.51658558984633,30.887832987737344,10.344867512112765,1.7715091907742444
297,2023-05-12 20:03:02.476000000,24.438642986613385,24.23278743752155,9.032337880129697,3.194428488604535,29.56576964899989,22.8664787316485,1022.8661168175947,47.72393596684879,-122.39749541934171,214.25894964994055,32.48597590363624,18.42608612627622,30.82049144782505,10.268200296360469,1.748819910498318
298,2023-05-12 20:03:12.476999936,23.45223976886705,23.254748729904495,9.037681703670561,3.194527544073056,29.562983301231824,22.863492662209296,1022.863145127898,47.72397017001549,-122.3974997251008,214.37378613738346,32.377262490293695,18.31854127111048,30.7365064442201,10.176163224408075,1.755801227506296
299,2023-05-12 20:03:22.476999936,22.36518316155475,22.176904730476522,9.037723587052163,3.194476808973941,29.562540131696586,22.863123854845185,1022.8627924539488,47.72400434564074,-122.39750380517613,214.5924132029883,32.32955362419406,18.279360505765236,30.698156650599724,10.140178292065645,1.7383479349863526
300,2023-05-12 20:03:32.476000000,21.25799587632927,21.07909481087471,9.057641966693074,3.194824935232194,29.550713583169884,22.85090327246394,1022.8505874712283,47.724038545705774,-122.3975070586746,214.16064170067227,32.20993985711219,18.22316429523514,30.594472838327928,10.072658901382452,1.7156586547104262
301,2023-05-12 20:03:42.476000000,20.23133130275655,20.06112034078523,9.114045993291283,3.19591910334162,29.518419546282992,22.817246026145085,1022.8169432491948,47.72407256989809,-122.39751084378175,212.66259322184365,32.054691071793826,18.167458024386555,30.45674207443985,9.994502584880559,1.7662732030182613
302,2023-05-12 20:03:52.476999936,19.083882661704685,18.92337816481885,9.137093231391264,3.196565523251114,29.506040305768867,22.80411293090515,1022.8038264715285,47.72410644485593,-122.39751581939811,212.19387740881513,32.21148727172528,18.373942326858575,30.56932852138288,10.153623294582433,1.7749998492782328
303,2023-05-12 20:03:58.380000000,18.58061571387492,18.42436643924206,9.139229876759334,3.1965149244696716,29.50293819209139,22.801361735553314,1022.8010827767661,47.72413345964488,-122.39751987932699,212.13599943317465,32.46178239886896,18.63064635524743,30.760709350565154,10.370442457367586,1.7697638615222508
304,2023-05-12 20:04:05.737999872,17.63447385195496,17.48622109480165,9.15261401297488,3.19626662949789,29.48908740221524,22.788522350470203,1022.7882571960104,47.724156159815834,-122.39752303642577,211.6084719125382,32.74648569586913,18.946189960928315,30.97240946454539,10.63212948521137,1.7575465567582897
305,2023-05-12 20:04:11.359000064,17.101010887255413,16.957264905205925,9.196527711084837,3.197211417087073,29.465856076862977,22.763784426630764,1022.7635258013865,47.72417846739037,-122.39752579791542,210.41596010950929,32.73025210619943,19.008661750414856,30.945450075615078,10.660606106267457,1.7400932642383464
306,2023-05-12 20:04:15.775000064,16.54741724464267,16.40834665632768,9.236110092517416,3.1982571983274224,29.444680253395198,22.741287193063727,1022.7410356386966,47.72419573761567,-122.3975275046704,209.30523171228322,32.604948824171885,18.97257078041216,30.83366302151557,10.600373224678973,1.7156586547104262
307,2023-05-12 20:04:21.354000128,15.88310487350738,15.749642810406701,9.295311846931588,3.199800221016885,29.415209912021947,22.709336680317847,1022.7090933330819,47.72421293022673,-122.39752839451027,207.76855629698366,32.373305117443614,18.87140896167739,30.63313890869737,10.470992542617553,1.6702800941585731
308,2023-05-12 20:04:25.780000000,15.379837925677617,15.250623331046437,9.31508044461976,3.20054804941136,29.405263556792363,22.698574279409172,1022.6983380345439,47.724230130626005,-122.39752836352794,207.26137515808512,32.215727444334824,18.825657278847928,30.492342379952884,10.395679436737034,1.6144295580947547
309,2023-05-12 20:04:31.357000192,14.785982927238493,14.66177877724164,9.337322761221694,3.200746612959418,29.388796795321685,22.682340097242104,1022.6821123523008,47.724247299050134,-122.39752678499367,206.4932591635865,32.117014586718525,18.884974661051668,30.388164392937902,10.395291760757434,1.5341444125030164
310,2023-05-12 20:04:36.214999808,14.302846657321918,14.182717548862561,9.370684513531762,3.2014454329010595,29.36809278585394,22.6611093426626,1022.6608881035146,47.72426512536903,-122.3975235830152,205.31487777918363,32.02988240137711,18.978811460455045,30.28870305678819,10.416709354866192,1.452113937659282
311,2023-05-12 20:04:43.564000000,13.457358184967914,13.344357695361317,9.531500757282858,3.2048369289625356,29.279532362638097,22.567442652810882,1022.5672301365707,47.72428556071485,-122.39751685791522,200.44635523847464,31.755557767393224,19.079329208669733,30.011126605666323,10.380160354104127,1.3194689145077136
312,2023-05-12 20:04:49.183000064,12.923895220268363,12.815390779052017,9.653211673379312,3.2078319578376355,29.212594395309708,22.4964809961092,1022.496273713352,47.724306899583766,-122.39750818968584,196.63820514063997,31.322469364726768,18.995876979037977,29.616710363466975,10.19546734342054,1.2985249634837819
313,2023-05-12 20:04:53.607000064,12.59173903470072,12.486033327761385,9.743189950660962,3.2094817186176954,29.159789533222213,22.441354188531477,1022.4411499410794,47.72432328283704,-122.39750167931673,193.7112367087273,30.934157983565463,18.889842753708994,29.268129835433644,10.014924167879947,1.34215819478364
314,2023-05-12 20:04:59.183000064,11.917361324608834,11.817336262454628,9.819432557488929,3.211131852102322,29.11411617672227,22.393860597587945,1022.3936654525728,47.72433956725725,-122.39749629852409,191.1882202368983,30.46741894700368,18.75582172147389,28.849521726981923,9.796362254257279,1.3962634015954636
315,2023-05-12 20:05:04.183000064,11.514747766345021,11.418113090154034,9.89176044259692,3.212482157235324,29.07009653130925,22.3482275025151,1022.3480372617305,47.724356748790896,-122.39749157643314,188.77724313827883,30.138888264756524,18.688709517941696,28.549768306949332,9.657293381428872,1.4433872913993104
316,2023-05-12 20:05:09.184999936,11.051742174341639,10.959005477247361,9.957825841029543,3.213333135708077,29.021847250192316,22.300239330130694,1022.3000552963999,47.72437296047044,-122.39748809929915,186.20490912471664,29.905445543951252,18.681815970492526,28.329786931679077,9.579083755135413,1.4957471689591402
317,2023-05-12 20:05:13.602999808,10.749782005643779,10.659586912793193,10.03992720412226,3.2147342201487015,28.978649035147605,22.25362698271772,1022.2534461388656,47.724388188814316,-122.39748577895158,183.89446806655425,29.68396812261437,18.648258722432317,28.125542664095647,9.491670735677761,1.5533430342749532
318,2023-05-12 20:05:19.183000064,10.2767110746838,10.190496945883984,10.050319055518436,3.215435741294848,28.97161944602871,22.246498593166166,1022.2463254965871,47.72440424099846,-122.3974843130473,183.55514351423545,29.331205405663635,18.534661720124625,27.809840502510138,9.323753631139034,1.593485607070823
319,2023-05-12 20:05:24.180000000,9.82377082163701,9.74136724449107,10.061205323244854,3.2158370174407587,28.956625204246663,22.23308464064121,1022.2329189967508,47.72442105779004,-122.39748339625191,182.75903854102717,28.869309029215295,18.32304959983351,27.405608627287254,9.075771019163614,1.6249015336067212
320,2023-05-12 20:05:29.180999936,9.390961246503414,9.312197940297812,10.174264555741631,3.214582256600536,28.865142901425944,22.143861855150703,1022.1437014275868,47.72443670901864,-122.39748332005082,178.1306217050263,28.287793309317816,18.032195279497962,26.898373994585622,8.756524810567583,1.6807520696705396
321,2023-05-12 20:05:33.601999872,8.88769429867365,8.813162731571294,10.223964568930654,3.2148819273856866,28.821993560016402,22.10232115246629,1022.1021684678124,47.724451228328896,-122.3974838040206,175.7432521202895,27.773965326631625,17.762644931122168,26.44993857790545,8.473128064060221,1.6947147036864945
322,2023-05-12 20:05:39.183000064,8.495146079366432,8.42391442221481,10.30604037191245,3.2130774893073126,28.74180540063185,22.026737334076756,1022.0265900727097,47.7244664521667,-122.39748370214701,171.68029378488222,27.244327601261265,17.450787529019742,25.990404182375222,8.17020666088802,1.6214108751027327
323,2023-05-12 20:05:44.412000000,7.981813792580072,7.914896282805711,10.358814376693722,3.212425634509523,28.698150613915104,21.98426635277781,1021.9841271612775,47.72448280498121,-122.39748221084056,169.46066603343988,27.022120072170182,17.248678086736405,25.80684848161458,8.01258663864359,1.5376350710070048
324,2023-05-12 20:05:49.748000000,7.498677522663497,7.435819227882206,10.380246616147224,3.2127760482073993,28.68462419379001,21.970279721592078,1021.9701486254013,47.72449873714793,-122.39747930346395,172.70441381961868,27.094163147987544,17.11805096996143,25.893900669649916,7.974934783436782,1.4660765716752369
325,2023-05-12 20:05:56.456000000,6.965214557963946,6.906837007457796,10.402958163042696,3.214479370084434,28.679553031261072,21.96266465071892,1021.962542525004,47.72451693662832,-122.39747462666627,180.81204664515187,27.42898421239803,16.97623174439778,26.233792543237904,8.008576884961261,1.413716694115407
326,2023-05-12 20:06:01.773999872,6.552535660743539,6.497623406358579,10.401244891106394,3.21417749694438,28.67441182076824,21.958931208479953,1021.9588163638755,47.72453518557594,-122.39746928463893,187.72572286164905,27.65585436274298,16.803973841408375,26.474934142028893,7.995257513581588,1.3962634015954636
327,2023-05-12 20:06:10.525000192,5.7070471883895335,5.659232004015226,10.417690147012022,3.214478823952542,28.6631882808229,21.947528032872924,1021.9474278187005,47.72455659153415,-122.39746299539553,191.62508080443575,27.525337710816274,16.352291099919437,26.411903153968904,7.749554043933879,1.4102260356114185
328,2023-05-12 20:06:16.140000000,5.213845579516364,5.17016876305077,10.425333762689286,3.214428075906068,28.654294148334653,21.939362803796485,1021.9392711798035,47.72457839321593,-122.3974572565757,191.33027551223915,27.042909263433575,15.98538638793835,25.997213170080787,7.447405509281711,1.464331242423243
329,2023-05-12 20:06:20.562000128,4.942081427688292,4.900684435873929,10.46667242178272,3.215028416789856,28.622132651844737,21.90764655571968,1021.9075592979162,47.72459351616964,-122.39745426249424,189.47832592103717,26.654775780888354,15.8366344303068,25.64305920014242,7.2739663724424375,1.5184364492350666
330,2023-05-12 20:06:26.140999936,4.479075835684908,4.441562170480382,10.669946194835404,3.2152269049604656,28.474486709899345,21.759697077195028,1021.7596161317095,47.72460848506658,-122.39745277331346,181.62935740795035,26.534778874399922,16.18747608384009,25.482798162216493,7.397397362386047,1.619665545850738
331,2023-05-12 20:06:31.719000064,3.9657435488985473,3.932534104321468,10.780109727831396,3.2122699210858894,28.36522698996251,21.65664671620368,1021.656574204119,47.72462516596743,-122.39745314183973,176.30897913888387,27.12191676030888,17.299287575988217,25.895043214178322,8.0650545992548,1.741838593490341
332,2023-05-12 20:06:37.184000000,3.573195329591331,3.543276491655449,10.876951869121143,3.211668320411964,28.28096098899526,21.57515660597278,1021.5750905794619,47.72464161750577,-122.39745646719487,173.16724280488674,28.414241441496387,18.906283640430452,26.881288258180323,9.206815859800134,1.9250981649497456
333,2023-05-12 20:06:43.676000000,2.737772196193921,2.714853974115229,11.105640409656619,3.212416321079337,28.1291016004979,21.41908873875309,1021.4190368245122,47.72465884220272,-122.39746474418351,173.4290858213844,30.07884077242554,20.60553686320908,28.15456289460062,10.585709727123023,2.155481626212997
334,2023-05-12 20:06:53.657999872,1.2883633864441981,1.2775828372331297,11.188483184257677,3.212816282800327,,,1021.3391309937969,47.724680790378734,-122.39748292835044,176.09522585152757,31.945528646422595,22.17910258577224,29.5818257157959,12.05953514111066,2.361430477948328
335,2023-05-12 20:06:59.275000064,0.5133322867863602,0.5090378697207975,11.268633239021124,,,,,47.72469558600913,-122.3974945133917,,,,,,2.405063709248186
336,2023-05-12 20:07:04.279000064,0.40261355826381195,0.39924549535742687,11.27836127735585,,,,,47.72469930805738,-122.39749286025521,,,,,,2.466150233067988
337,2023-05-12 20:07:08.697999872,0.4227442361770025,0.4192077496328843,11.290254222267494,,,,,47.72470261027562,-122.39749139358494,,,,,,2.0699604928652753
338,2023-05-12 20:07:14.273999872,0.37241754139402605,0.369302110284895,11.305960757782788,,,,,47.72470611294689,-122.39748983788407,,,,,,2.1345376751890655
339,2023-05-12 20:07:19.279000064,0.34222152452424015,0.3393587208211447,11.332550168417882,,,,,47.72470982097746,-122.39748819097348,,,,,,1.870992958137921
